"HSCode","Commodity","value","country","year"
"27","MINERAL FUELS, MINERAL OILS AND PRODUCTS OF THEIR DISTILLATION; BITUMINOUS SUBSTANCES; MINERAL WAXES.","32781.57","SAUDI ARAB",2013
"71","NATURAL OR CULTURED PEARLS,PRECIOUS OR SEMIPRECIOUS STONES,PRE.METALS,CLAD WITH PRE.METAL AND ARTCLS THEREOF;IMIT.JEWLRY;COIN.","32188.31","SWITZERLAND",2011
"27","MINERAL FUELS, MINERAL OILS AND PRODUCTS OF THEIR DISTILLATION; BITUMINOUS SUBSTANCES; MINERAL WAXES.","31517.05","IRAQ",2021
"85","ELECTRICAL MACHINERY AND EQUIPMENT AND PARTS THEREOF; SOUND RECORDERS AND REPRODUCERS, TELEVISION IMAGE AND SOUND RECORDERS AND REPRODUCERS,AND PARTS.","30266.96","CHINA P RP",2021
"27","MINERAL FUELS, MINERAL OILS AND PRODUCTS OF THEIR DISTILLATION; BITUMINOUS SUBSTANCES; MINERAL WAXES.","29896.53","SAUDI ARAB",2012
"71","NATURAL OR CULTURED PEARLS,PRECIOUS OR SEMIPRECIOUS STONES,PRE.METALS,CLAD WITH PRE.METAL AND ARTCLS THEREOF;IMIT.JEWLRY;COIN.","29679.47","SWITZERLAND",2012
"85","ELECTRICAL MACHINERY AND EQUIPMENT AND PARTS THEREOF; SOUND RECORDERS AND REPRODUCERS, TELEVISION IMAGE AND SOUND RECORDERS AND REPRODUCERS,AND PARTS.","28672.44","CHINA P RP",2017
"27","MINERAL FUELS, MINERAL OILS AND PRODUCTS OF THEIR DISTILLATION; BITUMINOUS SUBSTANCES; MINERAL WAXES.","28302.37","SAUDI ARAB",2011
"27","MINERAL FUELS, MINERAL OILS AND PRODUCTS OF THEIR DISTILLATION; BITUMINOUS SUBSTANCES; MINERAL WAXES.","27612.29","SAUDI ARAB",2021
"27","MINERAL FUELS, MINERAL OILS AND PRODUCTS OF THEIR DISTILLATION; BITUMINOUS SUBSTANCES; MINERAL WAXES.","24508.68","SAUDI ARAB",2018
"27","MINERAL FUELS, MINERAL OILS AND PRODUCTS OF THEIR DISTILLATION; BITUMINOUS SUBSTANCES; MINERAL WAXES.","23674.07","IRAQ",2019
"27","MINERAL FUELS, MINERAL OILS AND PRODUCTS OF THEIR DISTILLATION; BITUMINOUS SUBSTANCES; MINERAL WAXES.","23212.88","SAUDI ARAB",2014
"27","MINERAL FUELS, MINERAL OILS AND PRODUCTS OF THEIR DISTILLATION; BITUMINOUS SUBSTANCES; MINERAL WAXES.","23157.24","SAUDI ARAB",2019
"71","NATURAL OR CULTURED PEARLS,PRECIOUS OR SEMIPRECIOUS STONES,PRE.METALS,CLAD WITH PRE.METAL AND ARTCLS THEREOF;IMIT.JEWLRY;COIN.","22815.23","SWITZERLAND",2010
"27","MINERAL FUELS, MINERAL OILS AND PRODUCTS OF THEIR DISTILLATION; BITUMINOUS SUBSTANCES; MINERAL WAXES.","22300.67","IRAQ",2018
"85","ELECTRICAL MACHINERY AND EQUIPMENT AND PARTS THEREOF; SOUND RECORDERS AND REPRODUCERS, TELEVISION IMAGE AND SOUND RECORDERS AND REPRODUCERS,AND PARTS.","21982.63","CHINA P RP",2016
"71","NATURAL OR CULTURED PEARLS,PRECIOUS OR SEMIPRECIOUS STONES,PRE.METALS,CLAD WITH PRE.METAL AND ARTCLS THEREOF;IMIT.JEWLRY;COIN.","20896.32","U ARAB EMTS",2010
"71","NATURAL OR CULTURED PEARLS,PRECIOUS OR SEMIPRECIOUS STONES,PRE.METALS,CLAD WITH PRE.METAL AND ARTCLS THEREOF;IMIT.JEWLRY;COIN.","20870.91","SWITZERLAND",2021
"85","ELECTRICAL MACHINERY AND EQUIPMENT AND PARTS THEREOF; SOUND RECORDERS AND REPRODUCERS, TELEVISION IMAGE AND SOUND RECORDERS AND REPRODUCERS,AND PARTS.","20627.56","CHINA P RP",2018
"71","NATURAL OR CULTURED PEARLS,PRECIOUS OR SEMIPRECIOUS STONES,PRE.METALS,CLAD WITH PRE.METAL AND ARTCLS THEREOF;IMIT.JEWLRY;COIN.","20384.67","SWITZERLAND",2014
"71","NATURAL OR CULTURED PEARLS,PRECIOUS OR SEMIPRECIOUS STONES,PRE.METALS,CLAD WITH PRE.METAL AND ARTCLS THEREOF;IMIT.JEWLRY;COIN.","20376.74","U ARAB EMTS",2012
"85","ELECTRICAL MACHINERY AND EQUIPMENT AND PARTS THEREOF; SOUND RECORDERS AND REPRODUCERS, TELEVISION IMAGE AND SOUND RECORDERS AND REPRODUCERS,AND PARTS.","20328.53","CHINA P RP",2020
"27","MINERAL FUELS, MINERAL OILS AND PRODUCTS OF THEIR DISTILLATION; BITUMINOUS SUBSTANCES; MINERAL WAXES.","20320.22","U ARAB EMTS",2021
"84","NUCLEAR REACTORS, BOILERS, MACHINERY AND MECHANICAL APPLIANCES; PARTS THEREOF.","19845.45","CHINA P RP",2021
"85","ELECTRICAL MACHINERY AND EQUIPMENT AND PARTS THEREOF; SOUND RECORDERS AND REPRODUCERS, TELEVISION IMAGE AND SOUND RECORDERS AND REPRODUCERS,AND PARTS.","19758.2","CHINA P RP",2015
"27","MINERAL FUELS, MINERAL OILS AND PRODUCTS OF THEIR DISTILLATION; BITUMINOUS SUBSTANCES; MINERAL WAXES.","19166.06","IRAQ",2012
"85","ELECTRICAL MACHINERY AND EQUIPMENT AND PARTS THEREOF; SOUND RECORDERS AND REPRODUCERS, TELEVISION IMAGE AND SOUND RECORDERS AND REPRODUCERS,AND PARTS.","19104.15","CHINA P RP",2019
"27","MINERAL FUELS, MINERAL OILS AND PRODUCTS OF THEIR DISTILLATION; BITUMINOUS SUBSTANCES; MINERAL WAXES.","18826.19","IRAQ",2011
"27","MINERAL FUELS, MINERAL OILS AND PRODUCTS OF THEIR DISTILLATION; BITUMINOUS SUBSTANCES; MINERAL WAXES.","18450.33","IRAQ",2013
"71","NATURAL OR CULTURED PEARLS,PRECIOUS OR SEMIPRECIOUS STONES,PRE.METALS,CLAD WITH PRE.METAL AND ARTCLS THEREOF;IMIT.JEWLRY;COIN.","18235.49","U ARAB EMTS",2011
"27","MINERAL FUELS, MINERAL OILS AND PRODUCTS OF THEIR DISTILLATION; BITUMINOUS SUBSTANCES; MINERAL WAXES.","17932.31","SAUDI ARAB",2010
"27","MINERAL FUELS, MINERAL OILS AND PRODUCTS OF THEIR DISTILLATION; BITUMINOUS SUBSTANCES; MINERAL WAXES.","17816.06","SAUDI ARAB",2017
"71","NATURAL OR CULTURED PEARLS,PRECIOUS OR SEMIPRECIOUS STONES,PRE.METALS,CLAD WITH PRE.METAL AND ARTCLS THEREOF;IMIT.JEWLRY;COIN.","17605.99","SWITZERLAND",2015
"27","MINERAL FUELS, MINERAL OILS AND PRODUCTS OF THEIR DISTILLATION; BITUMINOUS SUBSTANCES; MINERAL WAXES.","17544.32","IRAQ",2017
"71","NATURAL OR CULTURED PEARLS,PRECIOUS OR SEMIPRECIOUS STONES,PRE.METALS,CLAD WITH PRE.METAL AND ARTCLS THEREOF;IMIT.JEWLRY;COIN.","17496.09","SWITZERLAND",2013
"71","NATURAL OR CULTURED PEARLS,PRECIOUS OR SEMIPRECIOUS STONES,PRE.METALS,CLAD WITH PRE.METAL AND ARTCLS THEREOF;IMIT.JEWLRY;COIN.","17254.31","SWITZERLAND",2017
"27","MINERAL FUELS, MINERAL OILS AND PRODUCTS OF THEIR DISTILLATION; BITUMINOUS SUBSTANCES; MINERAL WAXES.","16849.16","U S A",2021
"85","ELECTRICAL MACHINERY AND EQUIPMENT AND PARTS THEREOF; SOUND RECORDERS AND REPRODUCERS, TELEVISION IMAGE AND SOUND RECORDERS AND REPRODUCERS,AND PARTS.","16738.41","CHINA P RP",2014
"71","NATURAL OR CULTURED PEARLS,PRECIOUS OR SEMIPRECIOUS STONES,PRE.METALS,CLAD WITH PRE.METAL AND ARTCLS THEREOF;IMIT.JEWLRY;COIN.","16319.24","SWITZERLAND",2020
"27","MINERAL FUELS, MINERAL OILS AND PRODUCTS OF THEIR DISTILLATION; BITUMINOUS SUBSTANCES; MINERAL WAXES.","16196.71","U ARAB EMTS",2019
"27","MINERAL FUELS, MINERAL OILS AND PRODUCTS OF THEIR DISTILLATION; BITUMINOUS SUBSTANCES; MINERAL WAXES.","16121.78","KUWAIT",2013
"71","NATURAL OR CULTURED PEARLS,PRECIOUS OR SEMIPRECIOUS STONES,PRE.METALS,CLAD WITH PRE.METAL AND ARTCLS THEREOF;IMIT.JEWLRY;COIN.","15925.43","U ARAB EMTS",2021
"27","MINERAL FUELS, MINERAL OILS AND PRODUCTS OF THEIR DISTILLATION; BITUMINOUS SUBSTANCES; MINERAL WAXES.","15737.46","KUWAIT",2012
"27","MINERAL FUELS, MINERAL OILS AND PRODUCTS OF THEIR DISTILLATION; BITUMINOUS SUBSTANCES; MINERAL WAXES.","15718.33","KUWAIT",2011
"27","MINERAL FUELS, MINERAL OILS AND PRODUCTS OF THEIR DISTILLATION; BITUMINOUS SUBSTANCES; MINERAL WAXES.","15583.08","SAUDI ARAB",2016
"71","NATURAL OR CULTURED PEARLS,PRECIOUS OR SEMIPRECIOUS STONES,PRE.METALS,CLAD WITH PRE.METAL AND ARTCLS THEREOF;IMIT.JEWLRY;COIN.","15581.11","SWITZERLAND",2016
"71","NATURAL OR CULTURED PEARLS,PRECIOUS OR SEMIPRECIOUS STONES,PRE.METALS,CLAD WITH PRE.METAL AND ARTCLS THEREOF;IMIT.JEWLRY;COIN.","15476.53","SWITZERLAND",2018
"27","MINERAL FUELS, MINERAL OILS AND PRODUCTS OF THEIR DISTILLATION; BITUMINOUS SUBSTANCES; MINERAL WAXES.","15177.91","SAUDI ARAB",2015
"27","MINERAL FUELS, MINERAL OILS AND PRODUCTS OF THEIR DISTILLATION; BITUMINOUS SUBSTANCES; MINERAL WAXES.","15102.54","U ARAB EMTS",2011
"27","MINERAL FUELS, MINERAL OILS AND PRODUCTS OF THEIR DISTILLATION; BITUMINOUS SUBSTANCES; MINERAL WAXES.","14984.68","U ARAB EMTS",2012
"71","NATURAL OR CULTURED PEARLS,PRECIOUS OR SEMIPRECIOUS STONES,PRE.METALS,CLAD WITH PRE.METAL AND ARTCLS THEREOF;IMIT.JEWLRY;COIN.","14701.6","SWITZERLAND",2019
"27","MINERAL FUELS, MINERAL OILS AND PRODUCTS OF THEIR DISTILLATION; BITUMINOUS SUBSTANCES; MINERAL WAXES.","14621.44","NIGERIA",2011
"27","MINERAL FUELS, MINERAL OILS AND PRODUCTS OF THEIR DISTILLATION; BITUMINOUS SUBSTANCES; MINERAL WAXES.","14590.81","QATAR",2013
"27","MINERAL FUELS, MINERAL OILS AND PRODUCTS OF THEIR DISTILLATION; BITUMINOUS SUBSTANCES; MINERAL WAXES.","14578.34","QATAR",2012
"85","ELECTRICAL MACHINERY AND EQUIPMENT AND PARTS THEREOF; SOUND RECORDERS AND REPRODUCERS, TELEVISION IMAGE AND SOUND RECORDERS AND REPRODUCERS,AND PARTS.","14228.73","CHINA P RP",2013
"85","ELECTRICAL MACHINERY AND EQUIPMENT AND PARTS THEREOF; SOUND RECORDERS AND REPRODUCERS, TELEVISION IMAGE AND SOUND RECORDERS AND REPRODUCERS,AND PARTS.","14183.07","CHINA P RP",2011
"27","MINERAL FUELS, MINERAL OILS AND PRODUCTS OF THEIR DISTILLATION; BITUMINOUS SUBSTANCES; MINERAL WAXES.","14177.22","IRAQ",2014
"27","MINERAL FUELS, MINERAL OILS AND PRODUCTS OF THEIR DISTILLATION; BITUMINOUS SUBSTANCES; MINERAL WAXES.","14162.16","IRAQ",2020
"27","MINERAL FUELS, MINERAL OILS AND PRODUCTS OF THEIR DISTILLATION; BITUMINOUS SUBSTANCES; MINERAL WAXES.","14105.91","VENEZUELA",2012
"84","NUCLEAR REACTORS, BOILERS, MACHINERY AND MECHANICAL APPLIANCES; PARTS THEREOF.","13987.55","CHINA P RP",2020
"85","ELECTRICAL MACHINERY AND EQUIPMENT AND PARTS THEREOF; SOUND RECORDERS AND REPRODUCERS, TELEVISION IMAGE AND SOUND RECORDERS AND REPRODUCERS,AND PARTS.","13984.34","CHINA P RP",2012
"27","MINERAL FUELS, MINERAL OILS AND PRODUCTS OF THEIR DISTILLATION; BITUMINOUS SUBSTANCES; MINERAL WAXES.","13959.6","NIGERIA",2013
"27","MINERAL FUELS, MINERAL OILS AND PRODUCTS OF THEIR DISTILLATION; BITUMINOUS SUBSTANCES; MINERAL WAXES.","13936.59","VENEZUELA",2013
"27","MINERAL FUELS, MINERAL OILS AND PRODUCTS OF THEIR DISTILLATION; BITUMINOUS SUBSTANCES; MINERAL WAXES.","13656.84","U ARAB EMTS",2018
"84","NUCLEAR REACTORS, BOILERS, MACHINERY AND MECHANICAL APPLIANCES; PARTS THEREOF.","13539.97","CHINA P RP",2017
"27","MINERAL FUELS, MINERAL OILS AND PRODUCTS OF THEIR DISTILLATION; BITUMINOUS SUBSTANCES; MINERAL WAXES.","13532.36","NIGERIA",2014
"27","MINERAL FUELS, MINERAL OILS AND PRODUCTS OF THEIR DISTILLATION; BITUMINOUS SUBSTANCES; MINERAL WAXES.","13509.04","U ARAB EMTS",2014
"27","MINERAL FUELS, MINERAL OILS AND PRODUCTS OF THEIR DISTILLATION; BITUMINOUS SUBSTANCES; MINERAL WAXES.","13415.31","QATAR",2014
"84","NUCLEAR REACTORS, BOILERS, MACHINERY AND MECHANICAL APPLIANCES; PARTS THEREOF.","13383.76","CHINA P RP",2018
"84","NUCLEAR REACTORS, BOILERS, MACHINERY AND MECHANICAL APPLIANCES; PARTS THEREOF.","13322.13","CHINA P RP",2019
"27","MINERAL FUELS, MINERAL OILS AND PRODUCTS OF THEIR DISTILLATION; BITUMINOUS SUBSTANCES; MINERAL WAXES.","13263.35","U ARAB EMTS",2013
"27","MINERAL FUELS, MINERAL OILS AND PRODUCTS OF THEIR DISTILLATION; BITUMINOUS SUBSTANCES; MINERAL WAXES.","13172.34","AUSTRALIA",2021
"27","MINERAL FUELS, MINERAL OILS AND PRODUCTS OF THEIR DISTILLATION; BITUMINOUS SUBSTANCES; MINERAL WAXES.","13004.51","SAUDI ARAB",2020
"29","ORGANIC CHEMICALS","12497.95","CHINA P RP",2021
"27","MINERAL FUELS, MINERAL OILS AND PRODUCTS OF THEIR DISTILLATION; BITUMINOUS SUBSTANCES; MINERAL WAXES.","12369.07","IRAN",2018
"27","MINERAL FUELS, MINERAL OILS AND PRODUCTS OF THEIR DISTILLATION; BITUMINOUS SUBSTANCES; MINERAL WAXES.","12228.71","KUWAIT",2014
"27","MINERAL FUELS, MINERAL OILS AND PRODUCTS OF THEIR DISTILLATION; BITUMINOUS SUBSTANCES; MINERAL WAXES.","11916.51","NIGERIA",2012
"71","NATURAL OR CULTURED PEARLS,PRECIOUS OR SEMIPRECIOUS STONES,PRE.METALS,CLAD WITH PRE.METAL AND ARTCLS THEREOF;IMIT.JEWLRY;COIN.","11899.69","U ARAB EMTS",2013
"85","ELECTRICAL MACHINERY AND EQUIPMENT AND PARTS THEREOF; SOUND RECORDERS AND REPRODUCERS, TELEVISION IMAGE AND SOUND RECORDERS AND REPRODUCERS,AND PARTS.","11857.72","CHINA P RP",2010
"27","MINERAL FUELS, MINERAL OILS AND PRODUCTS OF THEIR DISTILLATION; BITUMINOUS SUBSTANCES; MINERAL WAXES.","11822.66","U ARAB EMTS",2020
"27","MINERAL FUELS, MINERAL OILS AND PRODUCTS OF THEIR DISTILLATION; BITUMINOUS SUBSTANCES; MINERAL WAXES.","11764.01","IRAN",2011
"27","MINERAL FUELS, MINERAL OILS AND PRODUCTS OF THEIR DISTILLATION; BITUMINOUS SUBSTANCES; MINERAL WAXES.","11697.83","QATAR",2011
"27","MINERAL FUELS, MINERAL OILS AND PRODUCTS OF THEIR DISTILLATION; BITUMINOUS SUBSTANCES; MINERAL WAXES.","11669.14","VENEZUELA",2014
"27","MINERAL FUELS, MINERAL OILS AND PRODUCTS OF THEIR DISTILLATION; BITUMINOUS SUBSTANCES; MINERAL WAXES.","11633.29","IRAQ",2016
"84","NUCLEAR REACTORS, BOILERS, MACHINERY AND MECHANICAL APPLIANCES; PARTS THEREOF.","11121.17","CHINA P RP",2016
"27","MINERAL FUELS, MINERAL OILS AND PRODUCTS OF THEIR DISTILLATION; BITUMINOUS SUBSTANCES; MINERAL WAXES.","10887.22","QATAR",2021
"27","MINERAL FUELS, MINERAL OILS AND PRODUCTS OF THEIR DISTILLATION; BITUMINOUS SUBSTANCES; MINERAL WAXES.","10759.19","IRAQ",2015
"27","MINERAL FUELS, MINERAL OILS AND PRODUCTS OF THEIR DISTILLATION; BITUMINOUS SUBSTANCES; MINERAL WAXES.","10660.41","NIGERIA",2010
"27","MINERAL FUELS, MINERAL OILS AND PRODUCTS OF THEIR DISTILLATION; BITUMINOUS SUBSTANCES; MINERAL WAXES.","10619.6","NIGERIA",2018
"84","NUCLEAR REACTORS, BOILERS, MACHINERY AND MECHANICAL APPLIANCES; PARTS THEREOF.","10554.22","CHINA P RP",2015
"84","NUCLEAR REACTORS, BOILERS, MACHINERY AND MECHANICAL APPLIANCES; PARTS THEREOF.","10144.22","CHINA P RP",2014
"84","NUCLEAR REACTORS, BOILERS, MACHINERY AND MECHANICAL APPLIANCES; PARTS THEREOF.","10143.52","CHINA P RP",2011
"27","MINERAL FUELS, MINERAL OILS AND PRODUCTS OF THEIR DISTILLATION; BITUMINOUS SUBSTANCES; MINERAL WAXES.","10033.18","NIGERIA",2019
"27","MINERAL FUELS, MINERAL OILS AND PRODUCTS OF THEIR DISTILLATION; BITUMINOUS SUBSTANCES; MINERAL WAXES.","10012.5","NIGERIA",2021
"84","NUCLEAR REACTORS, BOILERS, MACHINERY AND MECHANICAL APPLIANCES; PARTS THEREOF.","10007","CHINA P RP",2012
"27","MINERAL FUELS, MINERAL OILS AND PRODUCTS OF THEIR DISTILLATION; BITUMINOUS SUBSTANCES; MINERAL WAXES.","9923.08","KUWAIT",2021
"27","MINERAL FUELS, MINERAL OILS AND PRODUCTS OF THEIR DISTILLATION; BITUMINOUS SUBSTANCES; MINERAL WAXES.","9769.56","NIGERIA",2015
"27","MINERAL FUELS, MINERAL OILS AND PRODUCTS OF THEIR DISTILLATION; BITUMINOUS SUBSTANCES; MINERAL WAXES.","9729.09","KUWAIT",2010
"27","MINERAL FUELS, MINERAL OILS AND PRODUCTS OF THEIR DISTILLATION; BITUMINOUS SUBSTANCES; MINERAL WAXES.","9716.39","IRAN",2012
"27","MINERAL FUELS, MINERAL OILS AND PRODUCTS OF THEIR DISTILLATION; BITUMINOUS SUBSTANCES; MINERAL WAXES.","9664.58","AUSTRALIA",2018
"27","MINERAL FUELS, MINERAL OILS AND PRODUCTS OF THEIR DISTILLATION; BITUMINOUS SUBSTANCES; MINERAL WAXES.","9457.6","U ARAB EMTS",2016
"84","NUCLEAR REACTORS, BOILERS, MACHINERY AND MECHANICAL APPLIANCES; PARTS THEREOF.","9455.31","CHINA P RP",2013
"27","MINERAL FUELS, MINERAL OILS AND PRODUCTS OF THEIR DISTILLATION; BITUMINOUS SUBSTANCES; MINERAL WAXES.","9398.23","U ARAB EMTS",2010
"27","MINERAL FUELS, MINERAL OILS AND PRODUCTS OF THEIR DISTILLATION; BITUMINOUS SUBSTANCES; MINERAL WAXES.","9377.88","IRAN",2010
"71","NATURAL OR CULTURED PEARLS,PRECIOUS OR SEMIPRECIOUS STONES,PRE.METALS,CLAD WITH PRE.METAL AND ARTCLS THEREOF;IMIT.JEWLRY;COIN.","9348.77","U ARAB EMTS",2020
"27","MINERAL FUELS, MINERAL OILS AND PRODUCTS OF THEIR DISTILLATION; BITUMINOUS SUBSTANCES; MINERAL WAXES.","9343.96","AUSTRALIA",2017
"27","MINERAL FUELS, MINERAL OILS AND PRODUCTS OF THEIR DISTILLATION; BITUMINOUS SUBSTANCES; MINERAL WAXES.","9293.95","NIGERIA",2017
"27","MINERAL FUELS, MINERAL OILS AND PRODUCTS OF THEIR DISTILLATION; BITUMINOUS SUBSTANCES; MINERAL WAXES.","9270.34","QATAR",2018
"27","MINERAL FUELS, MINERAL OILS AND PRODUCTS OF THEIR DISTILLATION; BITUMINOUS SUBSTANCES; MINERAL WAXES.","9232.61","IRAN",2017
"27","MINERAL FUELS, MINERAL OILS AND PRODUCTS OF THEIR DISTILLATION; BITUMINOUS SUBSTANCES; MINERAL WAXES.","9080.71","U ARAB EMTS",2017
"71","NATURAL OR CULTURED PEARLS,PRECIOUS OR SEMIPRECIOUS STONES,PRE.METALS,CLAD WITH PRE.METAL AND ARTCLS THEREOF;IMIT.JEWLRY;COIN.","9017.19","BELGIUM",2014
"71","NATURAL OR CULTURED PEARLS,PRECIOUS OR SEMIPRECIOUS STONES,PRE.METALS,CLAD WITH PRE.METAL AND ARTCLS THEREOF;IMIT.JEWLRY;COIN.","9015.85","BELGIUM",2013
"27","MINERAL FUELS, MINERAL OILS AND PRODUCTS OF THEIR DISTILLATION; BITUMINOUS SUBSTANCES; MINERAL WAXES.","9006.29","IRAN",2016
"29","ORGANIC CHEMICALS","8974.24","CHINA P RP",2020
"27","MINERAL FUELS, MINERAL OILS AND PRODUCTS OF THEIR DISTILLATION; BITUMINOUS SUBSTANCES; MINERAL WAXES.","8954.66","IRAQ",2010
"85","ELECTRICAL MACHINERY AND EQUIPMENT AND PARTS THEREOF; SOUND RECORDERS AND REPRODUCERS, TELEVISION IMAGE AND SOUND RECORDERS AND REPRODUCERS,AND PARTS.","8840.6","HONG KONG",2021
"71","NATURAL OR CULTURED PEARLS,PRECIOUS OR SEMIPRECIOUS STONES,PRE.METALS,CLAD WITH PRE.METAL AND ARTCLS THEREOF;IMIT.JEWLRY;COIN.","8795.44","U ARAB EMTS",2014
"71","NATURAL OR CULTURED PEARLS,PRECIOUS OR SEMIPRECIOUS STONES,PRE.METALS,CLAD WITH PRE.METAL AND ARTCLS THEREOF;IMIT.JEWLRY;COIN.","8708.93","HONG KONG",2017
"27","MINERAL FUELS, MINERAL OILS AND PRODUCTS OF THEIR DISTILLATION; BITUMINOUS SUBSTANCES; MINERAL WAXES.","8705.59","U S A",2020
"71","NATURAL OR CULTURED PEARLS,PRECIOUS OR SEMIPRECIOUS STONES,PRE.METALS,CLAD WITH PRE.METAL AND ARTCLS THEREOF;IMIT.JEWLRY;COIN.","8703.34","U ARAB EMTS",2017
"85","ELECTRICAL MACHINERY AND EQUIPMENT AND PARTS THEREOF; SOUND RECORDERS AND REPRODUCERS, TELEVISION IMAGE AND SOUND RECORDERS AND REPRODUCERS,AND PARTS.","8703.22","HONG KONG",2019
"85","ELECTRICAL MACHINERY AND EQUIPMENT AND PARTS THEREOF; SOUND RECORDERS AND REPRODUCERS, TELEVISION IMAGE AND SOUND RECORDERS AND REPRODUCERS,AND PARTS.","8657.63","HONG KONG",2018
"29","ORGANIC CHEMICALS","8596.25","CHINA P RP",2018
"71","NATURAL OR CULTURED PEARLS,PRECIOUS OR SEMIPRECIOUS STONES,PRE.METALS,CLAD WITH PRE.METAL AND ARTCLS THEREOF;IMIT.JEWLRY;COIN.","8594.62","U ARAB EMTS",2018
"71","NATURAL OR CULTURED PEARLS,PRECIOUS OR SEMIPRECIOUS STONES,PRE.METALS,CLAD WITH PRE.METAL AND ARTCLS THEREOF;IMIT.JEWLRY;COIN.","8571.03","U ARAB EMTS",2016
"27","MINERAL FUELS, MINERAL OILS AND PRODUCTS OF THEIR DISTILLATION; BITUMINOUS SUBSTANCES; MINERAL WAXES.","8556.95","IRAN",2013
"71","NATURAL OR CULTURED PEARLS,PRECIOUS OR SEMIPRECIOUS STONES,PRE.METALS,CLAD WITH PRE.METAL AND ARTCLS THEREOF;IMIT.JEWLRY;COIN.","8494.03","UNSPECIFIED",2017
"27","MINERAL FUELS, MINERAL OILS AND PRODUCTS OF THEIR DISTILLATION; BITUMINOUS SUBSTANCES; MINERAL WAXES.","8431.48","QATAR",2019
"71","NATURAL OR CULTURED PEARLS,PRECIOUS OR SEMIPRECIOUS STONES,PRE.METALS,CLAD WITH PRE.METAL AND ARTCLS THEREOF;IMIT.JEWLRY;COIN.","8408.39","BELGIUM",2011
"27","MINERAL FUELS, MINERAL OILS AND PRODUCTS OF THEIR DISTILLATION; BITUMINOUS SUBSTANCES; MINERAL WAXES.","8319.93","AUSTRALIA",2011
"71","NATURAL OR CULTURED PEARLS,PRECIOUS OR SEMIPRECIOUS STONES,PRE.METALS,CLAD WITH PRE.METAL AND ARTCLS THEREOF;IMIT.JEWLRY;COIN.","8313.06","BELGIUM",2012
"27","MINERAL FUELS, MINERAL OILS AND PRODUCTS OF THEIR DISTILLATION; BITUMINOUS SUBSTANCES; MINERAL WAXES.","8300.24","U S A",2019
"71","NATURAL OR CULTURED PEARLS,PRECIOUS OR SEMIPRECIOUS STONES,PRE.METALS,CLAD WITH PRE.METAL AND ARTCLS THEREOF;IMIT.JEWLRY;COIN.","8240.72","HONG KONG",2011
"71","NATURAL OR CULTURED PEARLS,PRECIOUS OR SEMIPRECIOUS STONES,PRE.METALS,CLAD WITH PRE.METAL AND ARTCLS THEREOF;IMIT.JEWLRY;COIN.","8230.09","U S A",2018
"29","ORGANIC CHEMICALS","7970.43","CHINA P RP",2019
"71","NATURAL OR CULTURED PEARLS,PRECIOUS OR SEMIPRECIOUS STONES,PRE.METALS,CLAD WITH PRE.METAL AND ARTCLS THEREOF;IMIT.JEWLRY;COIN.","7944.29","U ARAB EMTS",2015
"27","MINERAL FUELS, MINERAL OILS AND PRODUCTS OF THEIR DISTILLATION; BITUMINOUS SUBSTANCES; MINERAL WAXES.","7942.43","QATAR",2015
"27","MINERAL FUELS, MINERAL OILS AND PRODUCTS OF THEIR DISTILLATION; BITUMINOUS SUBSTANCES; MINERAL WAXES.","7912.8","U ARAB EMTS",2015
"71","NATURAL OR CULTURED PEARLS,PRECIOUS OR SEMIPRECIOUS STONES,PRE.METALS,CLAD WITH PRE.METAL AND ARTCLS THEREOF;IMIT.JEWLRY;COIN.","7867.03","U ARAB EMTS",2019
"71","NATURAL OR CULTURED PEARLS,PRECIOUS OR SEMIPRECIOUS STONES,PRE.METALS,CLAD WITH PRE.METAL AND ARTCLS THEREOF;IMIT.JEWLRY;COIN.","7794.46","HONG KONG",2010
"84","NUCLEAR REACTORS, BOILERS, MACHINERY AND MECHANICAL APPLIANCES; PARTS THEREOF.","7699.9","CHINA P RP",2010
"27","MINERAL FUELS, MINERAL OILS AND PRODUCTS OF THEIR DISTILLATION; BITUMINOUS SUBSTANCES; MINERAL WAXES.","7672.69","AUSTRALIA",2019
"71","NATURAL OR CULTURED PEARLS,PRECIOUS OR SEMIPRECIOUS STONES,PRE.METALS,CLAD WITH PRE.METAL AND ARTCLS THEREOF;IMIT.JEWLRY;COIN.","7658.05","SOUTH AFRICA",2011
"85","ELECTRICAL MACHINERY AND EQUIPMENT AND PARTS THEREOF; SOUND RECORDERS AND REPRODUCERS, TELEVISION IMAGE AND SOUND RECORDERS AND REPRODUCERS,AND PARTS.","7499.25","HONG KONG",2020
"27","MINERAL FUELS, MINERAL OILS AND PRODUCTS OF THEIR DISTILLATION; BITUMINOUS SUBSTANCES; MINERAL WAXES.","7497.34","INDONESIA",2014
"27","MINERAL FUELS, MINERAL OILS AND PRODUCTS OF THEIR DISTILLATION; BITUMINOUS SUBSTANCES; MINERAL WAXES.","7461.06","NIGERIA",2016
"99","MISCELLANEOUS GOODS.","7349.64","UNSPECIFIED",2015
"27","MINERAL FUELS, MINERAL OILS AND PRODUCTS OF THEIR DISTILLATION; BITUMINOUS SUBSTANCES; MINERAL WAXES.","7294.36","U S A",2018
"27","MINERAL FUELS, MINERAL OILS AND PRODUCTS OF THEIR DISTILLATION; BITUMINOUS SUBSTANCES; MINERAL WAXES.","7292.13","IRAN",2014
"27","MINERAL FUELS, MINERAL OILS AND PRODUCTS OF THEIR DISTILLATION; BITUMINOUS SUBSTANCES; MINERAL WAXES.","7283.42","INDONESIA",2018
"27","MINERAL FUELS, MINERAL OILS AND PRODUCTS OF THEIR DISTILLATION; BITUMINOUS SUBSTANCES; MINERAL WAXES.","7248.15","VENEZUELA",2018
"27","MINERAL FUELS, MINERAL OILS AND PRODUCTS OF THEIR DISTILLATION; BITUMINOUS SUBSTANCES; MINERAL WAXES.","7207.82","QATAR",2017
"29","ORGANIC CHEMICALS","7091.53","CHINA P RP",2017
"27","MINERAL FUELS, MINERAL OILS AND PRODUCTS OF THEIR DISTILLATION; BITUMINOUS SUBSTANCES; MINERAL WAXES.","7088.24","ANGOLA",2012
"71","NATURAL OR CULTURED PEARLS,PRECIOUS OR SEMIPRECIOUS STONES,PRE.METALS,CLAD WITH PRE.METAL AND ARTCLS THEREOF;IMIT.JEWLRY;COIN.","7061.29","BELGIUM",2010
"27","MINERAL FUELS, MINERAL OILS AND PRODUCTS OF THEIR DISTILLATION; BITUMINOUS SUBSTANCES; MINERAL WAXES.","7025.76","AUSTRALIA",2016
"99","MISCELLANEOUS GOODS.","6925.48","UNSPECIFIED",2014
"27","MINERAL FUELS, MINERAL OILS AND PRODUCTS OF THEIR DISTILLATION; BITUMINOUS SUBSTANCES; MINERAL WAXES.","6896.05","INDONESIA",2013
"27","MINERAL FUELS, MINERAL OILS AND PRODUCTS OF THEIR DISTILLATION; BITUMINOUS SUBSTANCES; MINERAL WAXES.","6876.78","INDONESIA",2021
"99","MISCELLANEOUS GOODS.","6869.33","UNSPECIFIED",2016
"71","NATURAL OR CULTURED PEARLS,PRECIOUS OR SEMIPRECIOUS STONES,PRE.METALS,CLAD WITH PRE.METAL AND ARTCLS THEREOF;IMIT.JEWLRY;COIN.","6845.01","U S A",2021
"27","MINERAL FUELS, MINERAL OILS AND PRODUCTS OF THEIR DISTILLATION; BITUMINOUS SUBSTANCES; MINERAL WAXES.","6789.85","QATAR",2020
"27","MINERAL FUELS, MINERAL OILS AND PRODUCTS OF THEIR DISTILLATION; BITUMINOUS SUBSTANCES; MINERAL WAXES.","6762.1","QATAR",2016
"27","MINERAL FUELS, MINERAL OILS AND PRODUCTS OF THEIR DISTILLATION; BITUMINOUS SUBSTANCES; MINERAL WAXES.","6716.12","INDONESIA",2019
"27","MINERAL FUELS, MINERAL OILS AND PRODUCTS OF THEIR DISTILLATION; BITUMINOUS SUBSTANCES; MINERAL WAXES.","6653.12","VENEZUELA",2011
"71","NATURAL OR CULTURED PEARLS,PRECIOUS OR SEMIPRECIOUS STONES,PRE.METALS,CLAD WITH PRE.METAL AND ARTCLS THEREOF;IMIT.JEWLRY;COIN.","6619.68","BELGIUM",2018
"71","NATURAL OR CULTURED PEARLS,PRECIOUS OR SEMIPRECIOUS STONES,PRE.METALS,CLAD WITH PRE.METAL AND ARTCLS THEREOF;IMIT.JEWLRY;COIN.","6562.2","BELGIUM",2015
"27","MINERAL FUELS, MINERAL OILS AND PRODUCTS OF THEIR DISTILLATION; BITUMINOUS SUBSTANCES; MINERAL WAXES.","6547.72","ANGOLA",2011
"27","MINERAL FUELS, MINERAL OILS AND PRODUCTS OF THEIR DISTILLATION; BITUMINOUS SUBSTANCES; MINERAL WAXES.","6427.71","KUWAIT",2018
"29","ORGANIC CHEMICALS","6327.5","CHINA P RP",2014
"27","MINERAL FUELS, MINERAL OILS AND PRODUCTS OF THEIR DISTILLATION; BITUMINOUS SUBSTANCES; MINERAL WAXES.","6322.78","INDONESIA",2017
"71","NATURAL OR CULTURED PEARLS,PRECIOUS OR SEMIPRECIOUS STONES,PRE.METALS,CLAD WITH PRE.METAL AND ARTCLS THEREOF;IMIT.JEWLRY;COIN.","6279.9","HONG KONG",2016
"71","NATURAL OR CULTURED PEARLS,PRECIOUS OR SEMIPRECIOUS STONES,PRE.METALS,CLAD WITH PRE.METAL AND ARTCLS THEREOF;IMIT.JEWLRY;COIN.","6242.02","U S A",2019
"27","MINERAL FUELS, MINERAL OILS AND PRODUCTS OF THEIR DISTILLATION; BITUMINOUS SUBSTANCES; MINERAL WAXES.","6121.36","KUWAIT",2017
"27","MINERAL FUELS, MINERAL OILS AND PRODUCTS OF THEIR DISTILLATION; BITUMINOUS SUBSTANCES; MINERAL WAXES.","6110.42","INDONESIA",2012
"27","MINERAL FUELS, MINERAL OILS AND PRODUCTS OF THEIR DISTILLATION; BITUMINOUS SUBSTANCES; MINERAL WAXES.","6070.9","AUSTRALIA",2020
"29","ORGANIC CHEMICALS","6068.24","CHINA P RP",2015
"27","MINERAL FUELS, MINERAL OILS AND PRODUCTS OF THEIR DISTILLATION; BITUMINOUS SUBSTANCES; MINERAL WAXES.","6063.2","AUSTRALIA",2012
"27","MINERAL FUELS, MINERAL OILS AND PRODUCTS OF THEIR DISTILLATION; BITUMINOUS SUBSTANCES; MINERAL WAXES.","6060.95","QATAR",2010
"27","MINERAL FUELS, MINERAL OILS AND PRODUCTS OF THEIR DISTILLATION; BITUMINOUS SUBSTANCES; MINERAL WAXES.","6029.57","VENEZUELA",2019
"71","NATURAL OR CULTURED PEARLS,PRECIOUS OR SEMIPRECIOUS STONES,PRE.METALS,CLAD WITH PRE.METAL AND ARTCLS THEREOF;IMIT.JEWLRY;COIN.","5938.38","HONG KONG",2021
"27","MINERAL FUELS, MINERAL OILS AND PRODUCTS OF THEIR DISTILLATION; BITUMINOUS SUBSTANCES; MINERAL WAXES.","5935.84","ANGOLA",2013
"71","NATURAL OR CULTURED PEARLS,PRECIOUS OR SEMIPRECIOUS STONES,PRE.METALS,CLAD WITH PRE.METAL AND ARTCLS THEREOF;IMIT.JEWLRY;COIN.","5930.47","HONG KONG",2018
"27","MINERAL FUELS, MINERAL OILS AND PRODUCTS OF THEIR DISTILLATION; BITUMINOUS SUBSTANCES; MINERAL WAXES.","5879.57","KUWAIT",2019
"27","MINERAL FUELS, MINERAL OILS AND PRODUCTS OF THEIR DISTILLATION; BITUMINOUS SUBSTANCES; MINERAL WAXES.","5859.4","VENEZUELA",2017
"71","NATURAL OR CULTURED PEARLS,PRECIOUS OR SEMIPRECIOUS STONES,PRE.METALS,CLAD WITH PRE.METAL AND ARTCLS THEREOF;IMIT.JEWLRY;COIN.","5801.9","BELGIUM",2021
"27","MINERAL FUELS, MINERAL OILS AND PRODUCTS OF THEIR DISTILLATION; BITUMINOUS SUBSTANCES; MINERAL WAXES.","5720.64","AUSTRALIA",2014
"27","MINERAL FUELS, MINERAL OILS AND PRODUCTS OF THEIR DISTILLATION; BITUMINOUS SUBSTANCES; MINERAL WAXES.","5678.63","VENEZUELA",2015
"15","ANIMAL OR VEGETABLE FATS AND OILS AND THEIR CLEAVAGE PRODUCTS; PRE. EDIBLE FATS; ANIMAL OR VEGETABLE WAXEX.","5658.82","INDONESIA",2011
"15","ANIMAL OR VEGETABLE FATS AND OILS AND THEIR CLEAVAGE PRODUCTS; PRE. EDIBLE FATS; ANIMAL OR VEGETABLE WAXEX.","5625.93","INDONESIA",2012
"29","ORGANIC CHEMICALS","5615.88","CHINA P RP",2016
"27","MINERAL FUELS, MINERAL OILS AND PRODUCTS OF THEIR DISTILLATION; BITUMINOUS SUBSTANCES; MINERAL WAXES.","5593.74","INDONESIA",2011
"27","MINERAL FUELS, MINERAL OILS AND PRODUCTS OF THEIR DISTILLATION; BITUMINOUS SUBSTANCES; MINERAL WAXES.","5539.05","NIGERIA",2020
"27","MINERAL FUELS, MINERAL OILS AND PRODUCTS OF THEIR DISTILLATION; BITUMINOUS SUBSTANCES; MINERAL WAXES.","5536.9","AUSTRALIA",2013
"27","MINERAL FUELS, MINERAL OILS AND PRODUCTS OF THEIR DISTILLATION; BITUMINOUS SUBSTANCES; MINERAL WAXES.","5505.88","VENEZUELA",2016
"71","NATURAL OR CULTURED PEARLS,PRECIOUS OR SEMIPRECIOUS STONES,PRE.METALS,CLAD WITH PRE.METAL AND ARTCLS THEREOF;IMIT.JEWLRY;COIN.","5501.39","HONG KONG",2012
"29","ORGANIC CHEMICALS","5396.44","CHINA P RP",2013
"27","MINERAL FUELS, MINERAL OILS AND PRODUCTS OF THEIR DISTILLATION; BITUMINOUS SUBSTANCES; MINERAL WAXES.","5250.08","RUSSIA",2021
"27","MINERAL FUELS, MINERAL OILS AND PRODUCTS OF THEIR DISTILLATION; BITUMINOUS SUBSTANCES; MINERAL WAXES.","5203.69","VENEZUELA",2010
"71","NATURAL OR CULTURED PEARLS,PRECIOUS OR SEMIPRECIOUS STONES,PRE.METALS,CLAD WITH PRE.METAL AND ARTCLS THEREOF;IMIT.JEWLRY;COIN.","5124.01","BELGIUM",2019
"71","NATURAL OR CULTURED PEARLS,PRECIOUS OR SEMIPRECIOUS STONES,PRE.METALS,CLAD WITH PRE.METAL AND ARTCLS THEREOF;IMIT.JEWLRY;COIN.","5091.04","BELGIUM",2016
"27","MINERAL FUELS, MINERAL OILS AND PRODUCTS OF THEIR DISTILLATION; BITUMINOUS SUBSTANCES; MINERAL WAXES.","5089.67","INDONESIA",2015
"27","MINERAL FUELS, MINERAL OILS AND PRODUCTS OF THEIR DISTILLATION; BITUMINOUS SUBSTANCES; MINERAL WAXES.","5089.14","ANGOLA",2010
"71","NATURAL OR CULTURED PEARLS,PRECIOUS OR SEMIPRECIOUS STONES,PRE.METALS,CLAD WITH PRE.METAL AND ARTCLS THEREOF;IMIT.JEWLRY;COIN.","5088.19","SOUTH AFRICA",2012
"71","NATURAL OR CULTURED PEARLS,PRECIOUS OR SEMIPRECIOUS STONES,PRE.METALS,CLAD WITH PRE.METAL AND ARTCLS THEREOF;IMIT.JEWLRY;COIN.","5069.81","U S A",2020
"98","PROJECT GOODS; SOME SPECIAL USES.","5062.51","CHINA P RP",2011
"27","MINERAL FUELS, MINERAL OILS AND PRODUCTS OF THEIR DISTILLATION; BITUMINOUS SUBSTANCES; MINERAL WAXES.","5052.3","AUSTRALIA",2015
"84","NUCLEAR REACTORS, BOILERS, MACHINERY AND MECHANICAL APPLIANCES; PARTS THEREOF.","5036.29","GERMANY",2011
"27","MINERAL FUELS, MINERAL OILS AND PRODUCTS OF THEIR DISTILLATION; BITUMINOUS SUBSTANCES; MINERAL WAXES.","5036.24","INDONESIA",2016
"15","ANIMAL OR VEGETABLE FATS AND OILS AND THEIR CLEAVAGE PRODUCTS; PRE. EDIBLE FATS; ANIMAL OR VEGETABLE WAXEX.","5024.8","INDONESIA",2017
"27","MINERAL FUELS, MINERAL OILS AND PRODUCTS OF THEIR DISTILLATION; BITUMINOUS SUBSTANCES; MINERAL WAXES.","4956.99","INDONESIA",2020
"27","MINERAL FUELS, MINERAL OILS AND PRODUCTS OF THEIR DISTILLATION; BITUMINOUS SUBSTANCES; MINERAL WAXES.","4950.11","AUSTRALIA",2010
"29","ORGANIC CHEMICALS","4946.74","CHINA P RP",2012
"27","MINERAL FUELS, MINERAL OILS AND PRODUCTS OF THEIR DISTILLATION; BITUMINOUS SUBSTANCES; MINERAL WAXES.","4853.74","COLOMBIA",2013
"71","NATURAL OR CULTURED PEARLS,PRECIOUS OR SEMIPRECIOUS STONES,PRE.METALS,CLAD WITH PRE.METAL AND ARTCLS THEREOF;IMIT.JEWLRY;COIN.","4796.24","HONG KONG",2019
"71","NATURAL OR CULTURED PEARLS,PRECIOUS OR SEMIPRECIOUS STONES,PRE.METALS,CLAD WITH PRE.METAL AND ARTCLS THEREOF;IMIT.JEWLRY;COIN.","4771.83","HONG KONG",2013
"27","MINERAL FUELS, MINERAL OILS AND PRODUCTS OF THEIR DISTILLATION; BITUMINOUS SUBSTANCES; MINERAL WAXES.","4707.86","OMAN",2021
"84","NUCLEAR REACTORS, BOILERS, MACHINERY AND MECHANICAL APPLIANCES; PARTS THEREOF.","4657.82","U S A",2019
"15","ANIMAL OR VEGETABLE FATS AND OILS AND THEIR CLEAVAGE PRODUCTS; PRE. EDIBLE FATS; ANIMAL OR VEGETABLE WAXEX.","4615.43","INDONESIA",2013
"84","NUCLEAR REACTORS, BOILERS, MACHINERY AND MECHANICAL APPLIANCES; PARTS THEREOF.","4549.7","GERMANY",2018
"39","PLASTIC AND ARTICLES THEREOF.","4477.93","CHINA P RP",2021
"27","MINERAL FUELS, MINERAL OILS AND PRODUCTS OF THEIR DISTILLATION; BITUMINOUS SUBSTANCES; MINERAL WAXES.","4461.57","IRAN",2015
"84","NUCLEAR REACTORS, BOILERS, MACHINERY AND MECHANICAL APPLIANCES; PARTS THEREOF.","4448.13","U S A",2017
"15","ANIMAL OR VEGETABLE FATS AND OILS AND THEIR CLEAVAGE PRODUCTS; PRE. EDIBLE FATS; ANIMAL OR VEGETABLE WAXEX.","4429.34","MALAYSIA",2021
"71","NATURAL OR CULTURED PEARLS,PRECIOUS OR SEMIPRECIOUS STONES,PRE.METALS,CLAD WITH PRE.METAL AND ARTCLS THEREOF;IMIT.JEWLRY;COIN.","4426.92","SOUTH AFRICA",2010
"27","MINERAL FUELS, MINERAL OILS AND PRODUCTS OF THEIR DISTILLATION; BITUMINOUS SUBSTANCES; MINERAL WAXES.","4418.33","ANGOLA",2014
"29","ORGANIC CHEMICALS","4384.81","CHINA P RP",2011
"71","NATURAL OR CULTURED PEARLS,PRECIOUS OR SEMIPRECIOUS STONES,PRE.METALS,CLAD WITH PRE.METAL AND ARTCLS THEREOF;IMIT.JEWLRY;COIN.","4375.55","HONG KONG",2020
"71","NATURAL OR CULTURED PEARLS,PRECIOUS OR SEMIPRECIOUS STONES,PRE.METALS,CLAD WITH PRE.METAL AND ARTCLS THEREOF;IMIT.JEWLRY;COIN.","4374.26","U S A",2012
"71","NATURAL OR CULTURED PEARLS,PRECIOUS OR SEMIPRECIOUS STONES,PRE.METALS,CLAD WITH PRE.METAL AND ARTCLS THEREOF;IMIT.JEWLRY;COIN.","4321.18","SOUTH AFRICA",2021
"84","NUCLEAR REACTORS, BOILERS, MACHINERY AND MECHANICAL APPLIANCES; PARTS THEREOF.","4310.06","GERMANY",2012
"27","MINERAL FUELS, MINERAL OILS AND PRODUCTS OF THEIR DISTILLATION; BITUMINOUS SUBSTANCES; MINERAL WAXES.","4269.55","MEXICO",2018
"15","ANIMAL OR VEGETABLE FATS AND OILS AND THEIR CLEAVAGE PRODUCTS; PRE. EDIBLE FATS; ANIMAL OR VEGETABLE WAXEX.","4244.97","INDONESIA",2016
"88","AIRCRAFT, SPACECRAFT, AND PARTS THEREOF.","4237.56","U S A",2016
"27","MINERAL FUELS, MINERAL OILS AND PRODUCTS OF THEIR DISTILLATION; BITUMINOUS SUBSTANCES; MINERAL WAXES.","4141.61","KUWAIT",2020
"71","NATURAL OR CULTURED PEARLS,PRECIOUS OR SEMIPRECIOUS STONES,PRE.METALS,CLAD WITH PRE.METAL AND ARTCLS THEREOF;IMIT.JEWLRY;COIN.","4127.22","HONG KONG",2015
"15","ANIMAL OR VEGETABLE FATS AND OILS AND THEIR CLEAVAGE PRODUCTS; PRE. EDIBLE FATS; ANIMAL OR VEGETABLE WAXEX.","4123.29","INDONESIA",2021
"71","NATURAL OR CULTURED PEARLS,PRECIOUS OR SEMIPRECIOUS STONES,PRE.METALS,CLAD WITH PRE.METAL AND ARTCLS THEREOF;IMIT.JEWLRY;COIN.","4116.18","BELGIUM",2017
"71","NATURAL OR CULTURED PEARLS,PRECIOUS OR SEMIPRECIOUS STONES,PRE.METALS,CLAD WITH PRE.METAL AND ARTCLS THEREOF;IMIT.JEWLRY;COIN.","4094.58","HONG KONG",2014
"27","MINERAL FUELS, MINERAL OILS AND PRODUCTS OF THEIR DISTILLATION; BITUMINOUS SUBSTANCES; MINERAL WAXES.","4059.61","KUWAIT",2015
"84","NUCLEAR REACTORS, BOILERS, MACHINERY AND MECHANICAL APPLIANCES; PARTS THEREOF.","4015.4","GERMANY",2021
"27","MINERAL FUELS, MINERAL OILS AND PRODUCTS OF THEIR DISTILLATION; BITUMINOUS SUBSTANCES; MINERAL WAXES.","4012","ANGOLA",2018
"85","ELECTRICAL MACHINERY AND EQUIPMENT AND PARTS THEREOF; SOUND RECORDERS AND REPRODUCERS, TELEVISION IMAGE AND SOUND RECORDERS AND REPRODUCERS,AND PARTS.","4010.06","VIETNAM SOC REP",2019
"27","MINERAL FUELS, MINERAL OILS AND PRODUCTS OF THEIR DISTILLATION; BITUMINOUS SUBSTANCES; MINERAL WAXES.","3973.53","U S A",2017
"84","NUCLEAR REACTORS, BOILERS, MACHINERY AND MECHANICAL APPLIANCES; PARTS THEREOF.","3956.79","GERMANY",2017
"15","ANIMAL OR VEGETABLE FATS AND OILS AND THEIR CLEAVAGE PRODUCTS; PRE. EDIBLE FATS; ANIMAL OR VEGETABLE WAXEX.","3950.67","INDONESIA",2010
"71","NATURAL OR CULTURED PEARLS,PRECIOUS OR SEMIPRECIOUS STONES,PRE.METALS,CLAD WITH PRE.METAL AND ARTCLS THEREOF;IMIT.JEWLRY;COIN.","3947.58","RUSSIA",2017
"15","ANIMAL OR VEGETABLE FATS AND OILS AND THEIR CLEAVAGE PRODUCTS; PRE. EDIBLE FATS; ANIMAL OR VEGETABLE WAXEX.","3893.77","INDONESIA",2014
"84","NUCLEAR REACTORS, BOILERS, MACHINERY AND MECHANICAL APPLIANCES; PARTS THEREOF.","3876.3","JAPAN",2011
"84","NUCLEAR REACTORS, BOILERS, MACHINERY AND MECHANICAL APPLIANCES; PARTS THEREOF.","3861.13","GERMANY",2019
"84","NUCLEAR REACTORS, BOILERS, MACHINERY AND MECHANICAL APPLIANCES; PARTS THEREOF.","3858.57","U S A",2015
"29","ORGANIC CHEMICALS","3853.42","CHINA P RP",2010
"71","NATURAL OR CULTURED PEARLS,PRECIOUS OR SEMIPRECIOUS STONES,PRE.METALS,CLAD WITH PRE.METAL AND ARTCLS THEREOF;IMIT.JEWLRY;COIN.","3846.1","AUSTRALIA",2011
"84","NUCLEAR REACTORS, BOILERS, MACHINERY AND MECHANICAL APPLIANCES; PARTS THEREOF.","3820.44","GERMANY",2010
"27","MINERAL FUELS, MINERAL OILS AND PRODUCTS OF THEIR DISTILLATION; BITUMINOUS SUBSTANCES; MINERAL WAXES.","3720.09","SOUTH AFRICA",2021
"98","PROJECT GOODS; SOME SPECIAL USES.","3708.82","CHINA P RP",2012
"84","NUCLEAR REACTORS, BOILERS, MACHINERY AND MECHANICAL APPLIANCES; PARTS THEREOF.","3697.71","GERMANY",2013
"85","ELECTRICAL MACHINERY AND EQUIPMENT AND PARTS THEREOF; SOUND RECORDERS AND REPRODUCERS, TELEVISION IMAGE AND SOUND RECORDERS AND REPRODUCERS,AND PARTS.","3679.53","VIETNAM SOC REP",2018
"84","NUCLEAR REACTORS, BOILERS, MACHINERY AND MECHANICAL APPLIANCES; PARTS THEREOF.","3648.89","JAPAN",2012
"15","ANIMAL OR VEGETABLE FATS AND OILS AND THEIR CLEAVAGE PRODUCTS; PRE. EDIBLE FATS; ANIMAL OR VEGETABLE WAXEX.","3642.56","INDONESIA",2015
"27","MINERAL FUELS, MINERAL OILS AND PRODUCTS OF THEIR DISTILLATION; BITUMINOUS SUBSTANCES; MINERAL WAXES.","3629.2","ANGOLA",2019
"27","MINERAL FUELS, MINERAL OILS AND PRODUCTS OF THEIR DISTILLATION; BITUMINOUS SUBSTANCES; MINERAL WAXES.","3609.09","ANGOLA",2017
"88","AIRCRAFT, SPACECRAFT, AND PARTS THEREOF.","3589.16","GERMANY",2020
"84","NUCLEAR REACTORS, BOILERS, MACHINERY AND MECHANICAL APPLIANCES; PARTS THEREOF.","3585.01","U S A",2018
"84","NUCLEAR REACTORS, BOILERS, MACHINERY AND MECHANICAL APPLIANCES; PARTS THEREOF.","3575.92","GERMANY",2014
"84","NUCLEAR REACTORS, BOILERS, MACHINERY AND MECHANICAL APPLIANCES; PARTS THEREOF.","3554.97","GERMANY",2015
"71","NATURAL OR CULTURED PEARLS,PRECIOUS OR SEMIPRECIOUS STONES,PRE.METALS,CLAD WITH PRE.METAL AND ARTCLS THEREOF;IMIT.JEWLRY;COIN.","3521.72","U S A",2014
"71","NATURAL OR CULTURED PEARLS,PRECIOUS OR SEMIPRECIOUS STONES,PRE.METALS,CLAD WITH PRE.METAL AND ARTCLS THEREOF;IMIT.JEWLRY;COIN.","3501.33","BELGIUM",2020
"84","NUCLEAR REACTORS, BOILERS, MACHINERY AND MECHANICAL APPLIANCES; PARTS THEREOF.","3479.5","GERMANY",2016
"27","MINERAL FUELS, MINERAL OILS AND PRODUCTS OF THEIR DISTILLATION; BITUMINOUS SUBSTANCES; MINERAL WAXES.","3455.54","KUWAIT",2016
"15","ANIMAL OR VEGETABLE FATS AND OILS AND THEIR CLEAVAGE PRODUCTS; PRE. EDIBLE FATS; ANIMAL OR VEGETABLE WAXEX.","3440.97","INDONESIA",2018
"99","MISCELLANEOUS GOODS.","3430.07","UNSPECIFIED",2013
"84","NUCLEAR REACTORS, BOILERS, MACHINERY AND MECHANICAL APPLIANCES; PARTS THEREOF.","3424.03","U S A",2021
"27","MINERAL FUELS, MINERAL OILS AND PRODUCTS OF THEIR DISTILLATION; BITUMINOUS SUBSTANCES; MINERAL WAXES.","3419.65","MEXICO",2021
"84","NUCLEAR REACTORS, BOILERS, MACHINERY AND MECHANICAL APPLIANCES; PARTS THEREOF.","3413.46","JAPAN",2018
"88","AIRCRAFT, SPACECRAFT, AND PARTS THEREOF.","3382.94","FRANCE",2018
"84","NUCLEAR REACTORS, BOILERS, MACHINERY AND MECHANICAL APPLIANCES; PARTS THEREOF.","3350.72","SINGAPORE",2021
"27","MINERAL FUELS, MINERAL OILS AND PRODUCTS OF THEIR DISTILLATION; BITUMINOUS SUBSTANCES; MINERAL WAXES.","3322.17","MEXICO",2019
"71","NATURAL OR CULTURED PEARLS,PRECIOUS OR SEMIPRECIOUS STONES,PRE.METALS,CLAD WITH PRE.METAL AND ARTCLS THEREOF;IMIT.JEWLRY;COIN.","3316.49","GUINEA",2021
"88","AIRCRAFT, SPACECRAFT, AND PARTS THEREOF.","3297.8","FRANCE",2017
"27","MINERAL FUELS, MINERAL OILS AND PRODUCTS OF THEIR DISTILLATION; BITUMINOUS SUBSTANCES; MINERAL WAXES.","3293.14","OMAN",2010
"71","NATURAL OR CULTURED PEARLS,PRECIOUS OR SEMIPRECIOUS STONES,PRE.METALS,CLAD WITH PRE.METAL AND ARTCLS THEREOF;IMIT.JEWLRY;COIN.","3274.43","SOUTH AFRICA",2020
"31","FERTILISERS.","3268.09","CHINA P RP",2015
"15","ANIMAL OR VEGETABLE FATS AND OILS AND THEIR CLEAVAGE PRODUCTS; PRE. EDIBLE FATS; ANIMAL OR VEGETABLE WAXEX.","3267.41","ARGENTINA",2021
"85","ELECTRICAL MACHINERY AND EQUIPMENT AND PARTS THEREOF; SOUND RECORDERS AND REPRODUCERS, TELEVISION IMAGE AND SOUND RECORDERS AND REPRODUCERS,AND PARTS.","3265.56","VIETNAM SOC REP",2020
"27","MINERAL FUELS, MINERAL OILS AND PRODUCTS OF THEIR DISTILLATION; BITUMINOUS SUBSTANCES; MINERAL WAXES.","3263.92","MEXICO",2012
"15","ANIMAL OR VEGETABLE FATS AND OILS AND THEIR CLEAVAGE PRODUCTS; PRE. EDIBLE FATS; ANIMAL OR VEGETABLE WAXEX.","3214.41","INDONESIA",2020
"27","MINERAL FUELS, MINERAL OILS AND PRODUCTS OF THEIR DISTILLATION; BITUMINOUS SUBSTANCES; MINERAL WAXES.","3189.36","RUSSIA",2019
"71","NATURAL OR CULTURED PEARLS,PRECIOUS OR SEMIPRECIOUS STONES,PRE.METALS,CLAD WITH PRE.METAL AND ARTCLS THEREOF;IMIT.JEWLRY;COIN.","3183.21","AUSTRALIA",2012
"98","PROJECT GOODS; SOME SPECIAL USES.","3181.56","CHINA P RP",2010
"31","FERTILISERS.","3154.68","CHINA P RP",2014
"71","NATURAL OR CULTURED PEARLS,PRECIOUS OR SEMIPRECIOUS STONES,PRE.METALS,CLAD WITH PRE.METAL AND ARTCLS THEREOF;IMIT.JEWLRY;COIN.","3153.91","U S A",2015
"27","MINERAL FUELS, MINERAL OILS AND PRODUCTS OF THEIR DISTILLATION; BITUMINOUS SUBSTANCES; MINERAL WAXES.","3139.97","SOUTH AFRICA",2017
"85","ELECTRICAL MACHINERY AND EQUIPMENT AND PARTS THEREOF; SOUND RECORDERS AND REPRODUCERS, TELEVISION IMAGE AND SOUND RECORDERS AND REPRODUCERS,AND PARTS.","3123.28","KOREA RP",2021
"85","ELECTRICAL MACHINERY AND EQUIPMENT AND PARTS THEREOF; SOUND RECORDERS AND REPRODUCERS, TELEVISION IMAGE AND SOUND RECORDERS AND REPRODUCERS,AND PARTS.","3117.16","SINGAPORE",2021
"85","ELECTRICAL MACHINERY AND EQUIPMENT AND PARTS THEREOF; SOUND RECORDERS AND REPRODUCERS, TELEVISION IMAGE AND SOUND RECORDERS AND REPRODUCERS,AND PARTS.","3110.81","SINGAPORE",2018
"84","NUCLEAR REACTORS, BOILERS, MACHINERY AND MECHANICAL APPLIANCES; PARTS THEREOF.","3105.06","U S A",2011
"27","MINERAL FUELS, MINERAL OILS AND PRODUCTS OF THEIR DISTILLATION; BITUMINOUS SUBSTANCES; MINERAL WAXES.","3066.25","SINGAPORE",2021
"84","NUCLEAR REACTORS, BOILERS, MACHINERY AND MECHANICAL APPLIANCES; PARTS THEREOF.","3059.66","U S A",2016
"85","ELECTRICAL MACHINERY AND EQUIPMENT AND PARTS THEREOF; SOUND RECORDERS AND REPRODUCERS, TELEVISION IMAGE AND SOUND RECORDERS AND REPRODUCERS,AND PARTS.","3058.45","VIETNAM SOC REP",2021
"27","MINERAL FUELS, MINERAL OILS AND PRODUCTS OF THEIR DISTILLATION; BITUMINOUS SUBSTANCES; MINERAL WAXES.","3054.14","INDONESIA",2010
"71","NATURAL OR CULTURED PEARLS,PRECIOUS OR SEMIPRECIOUS STONES,PRE.METALS,CLAD WITH PRE.METAL AND ARTCLS THEREOF;IMIT.JEWLRY;COIN.","3047.85","AUSTRALIA",2010
"84","NUCLEAR REACTORS, BOILERS, MACHINERY AND MECHANICAL APPLIANCES; PARTS THEREOF.","3036.98","JAPAN",2019
"71","NATURAL OR CULTURED PEARLS,PRECIOUS OR SEMIPRECIOUS STONES,PRE.METALS,CLAD WITH PRE.METAL AND ARTCLS THEREOF;IMIT.JEWLRY;COIN.","3018.01","GHANA",2018
"88","AIRCRAFT, SPACECRAFT, AND PARTS THEREOF.","3017.42","FRANCE",2016
"27","MINERAL FUELS, MINERAL OILS AND PRODUCTS OF THEIR DISTILLATION; BITUMINOUS SUBSTANCES; MINERAL WAXES.","3013.69","SOUTH AFRICA",2019
"84","NUCLEAR REACTORS, BOILERS, MACHINERY AND MECHANICAL APPLIANCES; PARTS THEREOF.","3010.04","U S A",2014
"31","FERTILISERS.","2999.7","CHINA P RP",2012
"84","NUCLEAR REACTORS, BOILERS, MACHINERY AND MECHANICAL APPLIANCES; PARTS THEREOF.","2996.27","GERMANY",2020
"27","MINERAL FUELS, MINERAL OILS AND PRODUCTS OF THEIR DISTILLATION; BITUMINOUS SUBSTANCES; MINERAL WAXES.","2961.87","MEXICO",2013
"84","NUCLEAR REACTORS, BOILERS, MACHINERY AND MECHANICAL APPLIANCES; PARTS THEREOF.","2956.44","U S A",2012
"31","FERTILISERS.","2953.45","CHINA P RP",2021
"27","MINERAL FUELS, MINERAL OILS AND PRODUCTS OF THEIR DISTILLATION; BITUMINOUS SUBSTANCES; MINERAL WAXES.","2939.62","MALAYSIA",2018
"88","AIRCRAFT, SPACECRAFT, AND PARTS THEREOF.","2934.36","KUWAIT",2019
"27","MINERAL FUELS, MINERAL OILS AND PRODUCTS OF THEIR DISTILLATION; BITUMINOUS SUBSTANCES; MINERAL WAXES.","2880.79","OMAN",2017
"27","MINERAL FUELS, MINERAL OILS AND PRODUCTS OF THEIR DISTILLATION; BITUMINOUS SUBSTANCES; MINERAL WAXES.","2876.68","BRAZIL",2011
"85","ELECTRICAL MACHINERY AND EQUIPMENT AND PARTS THEREOF; SOUND RECORDERS AND REPRODUCERS, TELEVISION IMAGE AND SOUND RECORDERS AND REPRODUCERS,AND PARTS.","2854.04","KOREA RP",2018
"85","ELECTRICAL MACHINERY AND EQUIPMENT AND PARTS THEREOF; SOUND RECORDERS AND REPRODUCERS, TELEVISION IMAGE AND SOUND RECORDERS AND REPRODUCERS,AND PARTS.","2851.94","SINGAPORE",2019
"15","ANIMAL OR VEGETABLE FATS AND OILS AND THEIR CLEAVAGE PRODUCTS; PRE. EDIBLE FATS; ANIMAL OR VEGETABLE WAXEX.","2850.45","INDONESIA",2019
"85","ELECTRICAL MACHINERY AND EQUIPMENT AND PARTS THEREOF; SOUND RECORDERS AND REPRODUCERS, TELEVISION IMAGE AND SOUND RECORDERS AND REPRODUCERS,AND PARTS.","2815.4","KOREA RP",2016
"85","ELECTRICAL MACHINERY AND EQUIPMENT AND PARTS THEREOF; SOUND RECORDERS AND REPRODUCERS, TELEVISION IMAGE AND SOUND RECORDERS AND REPRODUCERS,AND PARTS.","2815.1","KOREA RP",2019
"85","ELECTRICAL MACHINERY AND EQUIPMENT AND PARTS THEREOF; SOUND RECORDERS AND REPRODUCERS, TELEVISION IMAGE AND SOUND RECORDERS AND REPRODUCERS,AND PARTS.","2807.58","KOREA RP",2015
"84","NUCLEAR REACTORS, BOILERS, MACHINERY AND MECHANICAL APPLIANCES; PARTS THEREOF.","2800.73","SINGAPORE",2019
"71","NATURAL OR CULTURED PEARLS,PRECIOUS OR SEMIPRECIOUS STONES,PRE.METALS,CLAD WITH PRE.METAL AND ARTCLS THEREOF;IMIT.JEWLRY;COIN.","2792.03","U S A",2010
"84","NUCLEAR REACTORS, BOILERS, MACHINERY AND MECHANICAL APPLIANCES; PARTS THEREOF.","2784.12","JAPAN",2016
"71","NATURAL OR CULTURED PEARLS,PRECIOUS OR SEMIPRECIOUS STONES,PRE.METALS,CLAD WITH PRE.METAL AND ARTCLS THEREOF;IMIT.JEWLRY;COIN.","2784.06","GHANA",2015
"27","MINERAL FUELS, MINERAL OILS AND PRODUCTS OF THEIR DISTILLATION; BITUMINOUS SUBSTANCES; MINERAL WAXES.","2771.99","SOUTH AFRICA",2018
"71","NATURAL OR CULTURED PEARLS,PRECIOUS OR SEMIPRECIOUS STONES,PRE.METALS,CLAD WITH PRE.METAL AND ARTCLS THEREOF;IMIT.JEWLRY;COIN.","2770.35","SOUTH AFRICA",2013
"27","MINERAL FUELS, MINERAL OILS AND PRODUCTS OF THEIR DISTILLATION; BITUMINOUS SUBSTANCES; MINERAL WAXES.","2766.02","MEXICO",2017
"71","NATURAL OR CULTURED PEARLS,PRECIOUS OR SEMIPRECIOUS STONES,PRE.METALS,CLAD WITH PRE.METAL AND ARTCLS THEREOF;IMIT.JEWLRY;COIN.","2762.73","U S A",2017
"27","MINERAL FUELS, MINERAL OILS AND PRODUCTS OF THEIR DISTILLATION; BITUMINOUS SUBSTANCES; MINERAL WAXES.","2762.68","MALAYSIA",2014
"99","MISCELLANEOUS GOODS.","2751.91","U S A",2013
"84","NUCLEAR REACTORS, BOILERS, MACHINERY AND MECHANICAL APPLIANCES; PARTS THEREOF.","2722.99","U S A",2013
"39","PLASTIC AND ARTICLES THEREOF.","2722.6","CHINA P RP",2018
"85","ELECTRICAL MACHINERY AND EQUIPMENT AND PARTS THEREOF; SOUND RECORDERS AND REPRODUCERS, TELEVISION IMAGE AND SOUND RECORDERS AND REPRODUCERS,AND PARTS.","2722.51","KOREA RP",2017
"39","PLASTIC AND ARTICLES THEREOF.","2714.82","CHINA P RP",2019
"72","IRON AND STEEL","2713.34","CHINA P RP",2014
"84","NUCLEAR REACTORS, BOILERS, MACHINERY AND MECHANICAL APPLIANCES; PARTS THEREOF.","2702.62","JAPAN",2021
"26","ORES, SLAG AND ASH.","2688.04","CHILE",2012
"72","IRON AND STEEL","2684.66","KOREA RP",2018
"27","MINERAL FUELS, MINERAL OILS AND PRODUCTS OF THEIR DISTILLATION; BITUMINOUS SUBSTANCES; MINERAL WAXES.","2684.32","MEXICO",2014
"84","NUCLEAR REACTORS, BOILERS, MACHINERY AND MECHANICAL APPLIANCES; PARTS THEREOF.","2669.19","JAPAN",2017
"84","NUCLEAR REACTORS, BOILERS, MACHINERY AND MECHANICAL APPLIANCES; PARTS THEREOF.","2661.17","JAPAN",2010
"27","MINERAL FUELS, MINERAL OILS AND PRODUCTS OF THEIR DISTILLATION; BITUMINOUS SUBSTANCES; MINERAL WAXES.","2659.17","ANGOLA",2015
"27","MINERAL FUELS, MINERAL OILS AND PRODUCTS OF THEIR DISTILLATION; BITUMINOUS SUBSTANCES; MINERAL WAXES.","2658.79","BRAZIL",2012
"84","NUCLEAR REACTORS, BOILERS, MACHINERY AND MECHANICAL APPLIANCES; PARTS THEREOF.","2654.93","SINGAPORE",2018
"15","ANIMAL OR VEGETABLE FATS AND OILS AND THEIR CLEAVAGE PRODUCTS; PRE. EDIBLE FATS; ANIMAL OR VEGETABLE WAXEX.","2649.41","MALAYSIA",2012
"84","NUCLEAR REACTORS, BOILERS, MACHINERY AND MECHANICAL APPLIANCES; PARTS THEREOF.","2625.46","KOREA RP",2018
"88","AIRCRAFT, SPACECRAFT, AND PARTS THEREOF.","2618.63","FRANCE",2019
"26","ORES, SLAG AND ASH.","2615.04","CHILE",2014
"71","NATURAL OR CULTURED PEARLS,PRECIOUS OR SEMIPRECIOUS STONES,PRE.METALS,CLAD WITH PRE.METAL AND ARTCLS THEREOF;IMIT.JEWLRY;COIN.","2612.94","U K",2011
"84","NUCLEAR REACTORS, BOILERS, MACHINERY AND MECHANICAL APPLIANCES; PARTS THEREOF.","2597.34","JAPAN",2013
"31","FERTILISERS.","2596.01","CHINA P RP",2011
"27","MINERAL FUELS, MINERAL OILS AND PRODUCTS OF THEIR DISTILLATION; BITUMINOUS SUBSTANCES; MINERAL WAXES.","2593.06","ANGOLA",2021
"15","ANIMAL OR VEGETABLE FATS AND OILS AND THEIR CLEAVAGE PRODUCTS; PRE. EDIBLE FATS; ANIMAL OR VEGETABLE WAXEX.","2591.88","MALAYSIA",2014
"27","MINERAL FUELS, MINERAL OILS AND PRODUCTS OF THEIR DISTILLATION; BITUMINOUS SUBSTANCES; MINERAL WAXES.","2588.39","EGYPT A RP",2011
"72","IRON AND STEEL","2573.02","KOREA RP",2021
"85","ELECTRICAL MACHINERY AND EQUIPMENT AND PARTS THEREOF; SOUND RECORDERS AND REPRODUCERS, TELEVISION IMAGE AND SOUND RECORDERS AND REPRODUCERS,AND PARTS.","2568.59","SINGAPORE",2020
"84","NUCLEAR REACTORS, BOILERS, MACHINERY AND MECHANICAL APPLIANCES; PARTS THEREOF.","2563.53","U S A",2010
"71","NATURAL OR CULTURED PEARLS,PRECIOUS OR SEMIPRECIOUS STONES,PRE.METALS,CLAD WITH PRE.METAL AND ARTCLS THEREOF;IMIT.JEWLRY;COIN.","2554.05","U K",2013
"27","MINERAL FUELS, MINERAL OILS AND PRODUCTS OF THEIR DISTILLATION; BITUMINOUS SUBSTANCES; MINERAL WAXES.","2534.5","BRAZIL",2014
"39","PLASTIC AND ARTICLES THEREOF.","2530.53","CHINA P RP",2020
"90","OPTICAL, PHOTOGRAPHIC CINEMATOGRAPHIC MEASURING, CHECKING PRECISION, MEDICAL OR SURGICAL INST. AND APPARATUS PARTS AND ACCESSORIES THEREOF;","2519.2","CHINA P RP",2021
"27","MINERAL FUELS, MINERAL OILS AND PRODUCTS OF THEIR DISTILLATION; BITUMINOUS SUBSTANCES; MINERAL WAXES.","2512.7","SOUTH AFRICA",2014
"71","NATURAL OR CULTURED PEARLS,PRECIOUS OR SEMIPRECIOUS STONES,PRE.METALS,CLAD WITH PRE.METAL AND ARTCLS THEREOF;IMIT.JEWLRY;COIN.","2475.83","RUSSIA",2016
"84","NUCLEAR REACTORS, BOILERS, MACHINERY AND MECHANICAL APPLIANCES; PARTS THEREOF.","2466.5","JAPAN",2014
"85","ELECTRICAL MACHINERY AND EQUIPMENT AND PARTS THEREOF; SOUND RECORDERS AND REPRODUCERS, TELEVISION IMAGE AND SOUND RECORDERS AND REPRODUCERS,AND PARTS.","2460.35","KOREA RP",2014
"27","MINERAL FUELS, MINERAL OILS AND PRODUCTS OF THEIR DISTILLATION; BITUMINOUS SUBSTANCES; MINERAL WAXES.","2419.9","SINGAPORE",2010
"84","NUCLEAR REACTORS, BOILERS, MACHINERY AND MECHANICAL APPLIANCES; PARTS THEREOF.","2395.03","JAPAN",2015
"85","ELECTRICAL MACHINERY AND EQUIPMENT AND PARTS THEREOF; SOUND RECORDERS AND REPRODUCERS, TELEVISION IMAGE AND SOUND RECORDERS AND REPRODUCERS,AND PARTS.","2393.94","KOREA RP",2020
"71","NATURAL OR CULTURED PEARLS,PRECIOUS OR SEMIPRECIOUS STONES,PRE.METALS,CLAD WITH PRE.METAL AND ARTCLS THEREOF;IMIT.JEWLRY;COIN.","2392.97","GHANA",2017
"27","MINERAL FUELS, MINERAL OILS AND PRODUCTS OF THEIR DISTILLATION; BITUMINOUS SUBSTANCES; MINERAL WAXES.","2392.12","SOUTH AFRICA",2015
"27","MINERAL FUELS, MINERAL OILS AND PRODUCTS OF THEIR DISTILLATION; BITUMINOUS SUBSTANCES; MINERAL WAXES.","2388.51","SINGAPORE",2011
"84","NUCLEAR REACTORS, BOILERS, MACHINERY AND MECHANICAL APPLIANCES; PARTS THEREOF.","2386.09","U S A",2020
"27","MINERAL FUELS, MINERAL OILS AND PRODUCTS OF THEIR DISTILLATION; BITUMINOUS SUBSTANCES; MINERAL WAXES.","2373.28","MALAYSIA",2019
"39","PLASTIC AND ARTICLES THEREOF.","2365.49","CHINA P RP",2017
"72","IRON AND STEEL","2359.24","CHINA P RP",2015
"88","AIRCRAFT, SPACECRAFT, AND PARTS THEREOF.","2333.57","U S A",2014
"27","MINERAL FUELS, MINERAL OILS AND PRODUCTS OF THEIR DISTILLATION; BITUMINOUS SUBSTANCES; MINERAL WAXES.","2319.53","COLOMBIA",2021
"39","PLASTIC AND ARTICLES THEREOF.","2317.05","KOREA RP",2021
"71","NATURAL OR CULTURED PEARLS,PRECIOUS OR SEMIPRECIOUS STONES,PRE.METALS,CLAD WITH PRE.METAL AND ARTCLS THEREOF;IMIT.JEWLRY;COIN.","2316.58","PERU",2021
"71","NATURAL OR CULTURED PEARLS,PRECIOUS OR SEMIPRECIOUS STONES,PRE.METALS,CLAD WITH PRE.METAL AND ARTCLS THEREOF;IMIT.JEWLRY;COIN.","2311.23","U K",2018
"84","NUCLEAR REACTORS, BOILERS, MACHINERY AND MECHANICAL APPLIANCES; PARTS THEREOF.","2309.6","HONG KONG",2021
"27","MINERAL FUELS, MINERAL OILS AND PRODUCTS OF THEIR DISTILLATION; BITUMINOUS SUBSTANCES; MINERAL WAXES.","2305.33","MALAYSIA",2011
"71","NATURAL OR CULTURED PEARLS,PRECIOUS OR SEMIPRECIOUS STONES,PRE.METALS,CLAD WITH PRE.METAL AND ARTCLS THEREOF;IMIT.JEWLRY;COIN.","2305.0","U S A",2011
"15","ANIMAL OR VEGETABLE FATS AND OILS AND THEIR CLEAVAGE PRODUCTS; PRE. EDIBLE FATS; ANIMAL OR VEGETABLE WAXEX.","2299.25","MALAYSIA",2015
"15","ANIMAL OR VEGETABLE FATS AND OILS AND THEIR CLEAVAGE PRODUCTS; PRE. EDIBLE FATS; ANIMAL OR VEGETABLE WAXEX.","2291.92","ARGENTINA",2016
"15","ANIMAL OR VEGETABLE FATS AND OILS AND THEIR CLEAVAGE PRODUCTS; PRE. EDIBLE FATS; ANIMAL OR VEGETABLE WAXEX.","2287.06","MALAYSIA",2020
"27","MINERAL FUELS, MINERAL OILS AND PRODUCTS OF THEIR DISTILLATION; BITUMINOUS SUBSTANCES; MINERAL WAXES.","2280.65","ANGOLA",2016
"71","NATURAL OR CULTURED PEARLS,PRECIOUS OR SEMIPRECIOUS STONES,PRE.METALS,CLAD WITH PRE.METAL AND ARTCLS THEREOF;IMIT.JEWLRY;COIN.","2271.01","SOUTH AFRICA",2016
"84","NUCLEAR REACTORS, BOILERS, MACHINERY AND MECHANICAL APPLIANCES; PARTS THEREOF.","2268.99","SINGAPORE",2020
"72","IRON AND STEEL","2268.24","KOREA RP",2019
"72","IRON AND STEEL","2257.54","KOREA RP",2017
"27","MINERAL FUELS, MINERAL OILS AND PRODUCTS OF THEIR DISTILLATION; BITUMINOUS SUBSTANCES; MINERAL WAXES.","2251.76","SOUTH AFRICA",2020
"27","MINERAL FUELS, MINERAL OILS AND PRODUCTS OF THEIR DISTILLATION; BITUMINOUS SUBSTANCES; MINERAL WAXES.","2248.53","BRAZIL",2021
"15","ANIMAL OR VEGETABLE FATS AND OILS AND THEIR CLEAVAGE PRODUCTS; PRE. EDIBLE FATS; ANIMAL OR VEGETABLE WAXEX.","2246.26","ARGENTINA",2015
"27","MINERAL FUELS, MINERAL OILS AND PRODUCTS OF THEIR DISTILLATION; BITUMINOUS SUBSTANCES; MINERAL WAXES.","2241.33","COLOMBIA",2012
"84","NUCLEAR REACTORS, BOILERS, MACHINERY AND MECHANICAL APPLIANCES; PARTS THEREOF.","2224.8","KOREA RP",2019
"85","ELECTRICAL MACHINERY AND EQUIPMENT AND PARTS THEREOF; SOUND RECORDERS AND REPRODUCERS, TELEVISION IMAGE AND SOUND RECORDERS AND REPRODUCERS,AND PARTS.","2219.03","U S A",2019
"27","MINERAL FUELS, MINERAL OILS AND PRODUCTS OF THEIR DISTILLATION; BITUMINOUS SUBSTANCES; MINERAL WAXES.","2209.89","SOUTH AFRICA",2016
"71","NATURAL OR CULTURED PEARLS,PRECIOUS OR SEMIPRECIOUS STONES,PRE.METALS,CLAD WITH PRE.METAL AND ARTCLS THEREOF;IMIT.JEWLRY;COIN.","2209.2","PERU",2018
"15","ANIMAL OR VEGETABLE FATS AND OILS AND THEIR CLEAVAGE PRODUCTS; PRE. EDIBLE FATS; ANIMAL OR VEGETABLE WAXEX.","2185.58","ARGENTINA",2020
"27","MINERAL FUELS, MINERAL OILS AND PRODUCTS OF THEIR DISTILLATION; BITUMINOUS SUBSTANCES; MINERAL WAXES.","2157.74","RUSSIA",2018
"26","ORES, SLAG AND ASH.","2153.88","CHILE",2013
"27","MINERAL FUELS, MINERAL OILS AND PRODUCTS OF THEIR DISTILLATION; BITUMINOUS SUBSTANCES; MINERAL WAXES.","2150.88","MALAYSIA",2013
"84","NUCLEAR REACTORS, BOILERS, MACHINERY AND MECHANICAL APPLIANCES; PARTS THEREOF.","2147.03","JAPAN",2020
"88","AIRCRAFT, SPACECRAFT, AND PARTS THEREOF.","2146.36","FRANCE",2021
"27","MINERAL FUELS, MINERAL OILS AND PRODUCTS OF THEIR DISTILLATION; BITUMINOUS SUBSTANCES; MINERAL WAXES.","2142.06","KAZAKHSTAN",2019
"71","NATURAL OR CULTURED PEARLS,PRECIOUS OR SEMIPRECIOUS STONES,PRE.METALS,CLAD WITH PRE.METAL AND ARTCLS THEREOF;IMIT.JEWLRY;COIN.","2131.3","U S A",2013
"98","PROJECT GOODS; SOME SPECIAL USES.","2126.62","CHINA P RP",2013
"27","MINERAL FUELS, MINERAL OILS AND PRODUCTS OF THEIR DISTILLATION; BITUMINOUS SUBSTANCES; MINERAL WAXES.","2124.19","EGYPT A RP",2012
"27","MINERAL FUELS, MINERAL OILS AND PRODUCTS OF THEIR DISTILLATION; BITUMINOUS SUBSTANCES; MINERAL WAXES.","2110.67","RUSSIA",2020
"15","ANIMAL OR VEGETABLE FATS AND OILS AND THEIR CLEAVAGE PRODUCTS; PRE. EDIBLE FATS; ANIMAL OR VEGETABLE WAXEX.","2110.04","UKRAINE",2021
"27","MINERAL FUELS, MINERAL OILS AND PRODUCTS OF THEIR DISTILLATION; BITUMINOUS SUBSTANCES; MINERAL WAXES.","2108.99","SOUTH AFRICA",2012
"27","MINERAL FUELS, MINERAL OILS AND PRODUCTS OF THEIR DISTILLATION; BITUMINOUS SUBSTANCES; MINERAL WAXES.","2103.73","MALAYSIA",2016
"27","MINERAL FUELS, MINERAL OILS AND PRODUCTS OF THEIR DISTILLATION; BITUMINOUS SUBSTANCES; MINERAL WAXES.","2103.53","RUSSIA",2017
"84","NUCLEAR REACTORS, BOILERS, MACHINERY AND MECHANICAL APPLIANCES; PARTS THEREOF.","2088.12","ITALY",2011
"27","MINERAL FUELS, MINERAL OILS AND PRODUCTS OF THEIR DISTILLATION; BITUMINOUS SUBSTANCES; MINERAL WAXES.","2086.86","EGYPT A RP",2021
"84","NUCLEAR REACTORS, BOILERS, MACHINERY AND MECHANICAL APPLIANCES; PARTS THEREOF.","2083.84","KOREA RP",2011
"27","MINERAL FUELS, MINERAL OILS AND PRODUCTS OF THEIR DISTILLATION; BITUMINOUS SUBSTANCES; MINERAL WAXES.","2083.84","OMAN",2011
"71","NATURAL OR CULTURED PEARLS,PRECIOUS OR SEMIPRECIOUS STONES,PRE.METALS,CLAD WITH PRE.METAL AND ARTCLS THEREOF;IMIT.JEWLRY;COIN.","2082.36","U S A",2016
"27","MINERAL FUELS, MINERAL OILS AND PRODUCTS OF THEIR DISTILLATION; BITUMINOUS SUBSTANCES; MINERAL WAXES.","2081.06","MALAYSIA",2012
"27","MINERAL FUELS, MINERAL OILS AND PRODUCTS OF THEIR DISTILLATION; BITUMINOUS SUBSTANCES; MINERAL WAXES.","2074.64","ALGERIA",2011
"88","AIRCRAFT, SPACECRAFT, AND PARTS THEREOF.","2065.28","GERMANY",2019
"15","ANIMAL OR VEGETABLE FATS AND OILS AND THEIR CLEAVAGE PRODUCTS; PRE. EDIBLE FATS; ANIMAL OR VEGETABLE WAXEX.","2064.73","ARGENTINA",2017
"71","NATURAL OR CULTURED PEARLS,PRECIOUS OR SEMIPRECIOUS STONES,PRE.METALS,CLAD WITH PRE.METAL AND ARTCLS THEREOF;IMIT.JEWLRY;COIN.","2064.03","SOUTH AFRICA",2019
"71","NATURAL OR CULTURED PEARLS,PRECIOUS OR SEMIPRECIOUS STONES,PRE.METALS,CLAD WITH PRE.METAL AND ARTCLS THEREOF;IMIT.JEWLRY;COIN.","2063.34","BOLIVIA",2021
"84","NUCLEAR REACTORS, BOILERS, MACHINERY AND MECHANICAL APPLIANCES; PARTS THEREOF.","2055.16","KOREA RP",2012
"31","FERTILISERS.","2053.22","CHINA P RP",2018
"88","AIRCRAFT, SPACECRAFT, AND PARTS THEREOF.","2049.61","U S A",2017
"27","MINERAL FUELS, MINERAL OILS AND PRODUCTS OF THEIR DISTILLATION; BITUMINOUS SUBSTANCES; MINERAL WAXES.","2046.14","U S A",2012
"99","MISCELLANEOUS GOODS.","2025.16","U S A",2011
"27","MINERAL FUELS, MINERAL OILS AND PRODUCTS OF THEIR DISTILLATION; BITUMINOUS SUBSTANCES; MINERAL WAXES.","2016.2","EGYPT A RP",2013
"29","ORGANIC CHEMICALS","1999.44","U S A",2021
"85","ELECTRICAL MACHINERY AND EQUIPMENT AND PARTS THEREOF; SOUND RECORDERS AND REPRODUCERS, TELEVISION IMAGE AND SOUND RECORDERS AND REPRODUCERS,AND PARTS.","1998.02","GERMANY",2011
"27","MINERAL FUELS, MINERAL OILS AND PRODUCTS OF THEIR DISTILLATION; BITUMINOUS SUBSTANCES; MINERAL WAXES.","1996.5","BRAZIL",2013
"99","MISCELLANEOUS GOODS.","1988.05","U S A",2012
"72","IRON AND STEEL","1986.38","CHINA P RP",2010
"27","MINERAL FUELS, MINERAL OILS AND PRODUCTS OF THEIR DISTILLATION; BITUMINOUS SUBSTANCES; MINERAL WAXES.","1974.5","MEXICO",2020
"15","ANIMAL OR VEGETABLE FATS AND OILS AND THEIR CLEAVAGE PRODUCTS; PRE. EDIBLE FATS; ANIMAL OR VEGETABLE WAXEX.","1973.28","MALAYSIA",2013
"88","AIRCRAFT, SPACECRAFT, AND PARTS THEREOF.","1973.15","U S A",2013
"71","NATURAL OR CULTURED PEARLS,PRECIOUS OR SEMIPRECIOUS STONES,PRE.METALS,CLAD WITH PRE.METAL AND ARTCLS THEREOF;IMIT.JEWLRY;COIN.","1965.45","U K",2012
"85","ELECTRICAL MACHINERY AND EQUIPMENT AND PARTS THEREOF; SOUND RECORDERS AND REPRODUCERS, TELEVISION IMAGE AND SOUND RECORDERS AND REPRODUCERS,AND PARTS.","1959.12","KOREA RP",2013
"15","ANIMAL OR VEGETABLE FATS AND OILS AND THEIR CLEAVAGE PRODUCTS; PRE. EDIBLE FATS; ANIMAL OR VEGETABLE WAXEX.","1945.88","ARGENTINA",2019
"15","ANIMAL OR VEGETABLE FATS AND OILS AND THEIR CLEAVAGE PRODUCTS; PRE. EDIBLE FATS; ANIMAL OR VEGETABLE WAXEX.","1934.93","MALAYSIA",2016
"31","FERTILISERS.","1925.7","CHINA P RP",2013
"26","ORES, SLAG AND ASH.","1925.38","CHILE",2011
"85","ELECTRICAL MACHINERY AND EQUIPMENT AND PARTS THEREOF; SOUND RECORDERS AND REPRODUCERS, TELEVISION IMAGE AND SOUND RECORDERS AND REPRODUCERS,AND PARTS.","1917.48","KOREA RP",2010
"27","MINERAL FUELS, MINERAL OILS AND PRODUCTS OF THEIR DISTILLATION; BITUMINOUS SUBSTANCES; MINERAL WAXES.","1910.88","ALGERIA",2019
"15","ANIMAL OR VEGETABLE FATS AND OILS AND THEIR CLEAVAGE PRODUCTS; PRE. EDIBLE FATS; ANIMAL OR VEGETABLE WAXEX.","1907.85","MALAYSIA",2019
"71","NATURAL OR CULTURED PEARLS,PRECIOUS OR SEMIPRECIOUS STONES,PRE.METALS,CLAD WITH PRE.METAL AND ARTCLS THEREOF;IMIT.JEWLRY;COIN.","1896.33","SOUTH AFRICA",2014
"15","ANIMAL OR VEGETABLE FATS AND OILS AND THEIR CLEAVAGE PRODUCTS; PRE. EDIBLE FATS; ANIMAL OR VEGETABLE WAXEX.","1894.95","UKRAINE",2018
"31","FERTILISERS.","1894.64","SAUDI ARAB",2021
"84","NUCLEAR REACTORS, BOILERS, MACHINERY AND MECHANICAL APPLIANCES; PARTS THEREOF.","1893.94","ITALY",2012
"27","MINERAL FUELS, MINERAL OILS AND PRODUCTS OF THEIR DISTILLATION; BITUMINOUS SUBSTANCES; MINERAL WAXES.","1884.24","OMAN",2020
"72","IRON AND STEEL","1877.16","KOREA RP",2015
"71","NATURAL OR CULTURED PEARLS,PRECIOUS OR SEMIPRECIOUS STONES,PRE.METALS,CLAD WITH PRE.METAL AND ARTCLS THEREOF;IMIT.JEWLRY;COIN.","1874.96","UNSPECIFIED",2010
"27","MINERAL FUELS, MINERAL OILS AND PRODUCTS OF THEIR DISTILLATION; BITUMINOUS SUBSTANCES; MINERAL WAXES.","1870.52","SOUTH AFRICA",2013
"27","MINERAL FUELS, MINERAL OILS AND PRODUCTS OF THEIR DISTILLATION; BITUMINOUS SUBSTANCES; MINERAL WAXES.","1866.02","ANGOLA",2020
"71","NATURAL OR CULTURED PEARLS,PRECIOUS OR SEMIPRECIOUS STONES,PRE.METALS,CLAD WITH PRE.METAL AND ARTCLS THEREOF;IMIT.JEWLRY;COIN.","1860.94","SOUTH AFRICA",2015
"88","AIRCRAFT, SPACECRAFT, AND PARTS THEREOF.","1857.04","U S A",2015
"72","IRON AND STEEL","1855.49","CHINA P RP",2011
"29","ORGANIC CHEMICALS","1855.25","U S A",2018
"85","ELECTRICAL MACHINERY AND EQUIPMENT AND PARTS THEREOF; SOUND RECORDERS AND REPRODUCERS, TELEVISION IMAGE AND SOUND RECORDERS AND REPRODUCERS,AND PARTS.","1852.93","U S A",2018
"39","PLASTIC AND ARTICLES THEREOF.","1849.15","CHINA P RP",2016
"27","MINERAL FUELS, MINERAL OILS AND PRODUCTS OF THEIR DISTILLATION; BITUMINOUS SUBSTANCES; MINERAL WAXES.","1842.4","MEXICO",2016
"27","MINERAL FUELS, MINERAL OILS AND PRODUCTS OF THEIR DISTILLATION; BITUMINOUS SUBSTANCES; MINERAL WAXES.","1838.78","OMAN",2019
"85","ELECTRICAL MACHINERY AND EQUIPMENT AND PARTS THEREOF; SOUND RECORDERS AND REPRODUCERS, TELEVISION IMAGE AND SOUND RECORDERS AND REPRODUCERS,AND PARTS.","1836.92","U S A",2021
"85","ELECTRICAL MACHINERY AND EQUIPMENT AND PARTS THEREOF; SOUND RECORDERS AND REPRODUCERS, TELEVISION IMAGE AND SOUND RECORDERS AND REPRODUCERS,AND PARTS.","1828.0","KOREA RP",2011
"84","NUCLEAR REACTORS, BOILERS, MACHINERY AND MECHANICAL APPLIANCES; PARTS THEREOF.","1824.33","ITALY",2018
"27","MINERAL FUELS, MINERAL OILS AND PRODUCTS OF THEIR DISTILLATION; BITUMINOUS SUBSTANCES; MINERAL WAXES.","1822.98","LIBYA",2012
"31","FERTILISERS.","1820.88","CHINA P RP",2019
"39","PLASTIC AND ARTICLES THEREOF.","1820.74","KOREA RP",2018
"72","IRON AND STEEL","1818.86","KOREA RP",2014
"71","NATURAL OR CULTURED PEARLS,PRECIOUS OR SEMIPRECIOUS STONES,PRE.METALS,CLAD WITH PRE.METAL AND ARTCLS THEREOF;IMIT.JEWLRY;COIN.","1813.74","SOUTH AFRICA",2017
"29","ORGANIC CHEMICALS","1807.28","SINGAPORE",2018
"71","NATURAL OR CULTURED PEARLS,PRECIOUS OR SEMIPRECIOUS STONES,PRE.METALS,CLAD WITH PRE.METAL AND ARTCLS THEREOF;IMIT.JEWLRY;COIN.","1797.75","U K",2021
"26","ORES, SLAG AND ASH.","1790.62","CHILE",2017
"27","MINERAL FUELS, MINERAL OILS AND PRODUCTS OF THEIR DISTILLATION; BITUMINOUS SUBSTANCES; MINERAL WAXES.","1789.77","ALGERIA",2010
"84","NUCLEAR REACTORS, BOILERS, MACHINERY AND MECHANICAL APPLIANCES; PARTS THEREOF.","1780.84","KOREA RP",2021
"88","AIRCRAFT, SPACECRAFT, AND PARTS THEREOF.","1778.89","GERMANY",2021
"27","MINERAL FUELS, MINERAL OILS AND PRODUCTS OF THEIR DISTILLATION; BITUMINOUS SUBSTANCES; MINERAL WAXES.","1776.55","COLOMBIA",2014
"71","NATURAL OR CULTURED PEARLS,PRECIOUS OR SEMIPRECIOUS STONES,PRE.METALS,CLAD WITH PRE.METAL AND ARTCLS THEREOF;IMIT.JEWLRY;COIN.","1775.7","PERU",2017
"71","NATURAL OR CULTURED PEARLS,PRECIOUS OR SEMIPRECIOUS STONES,PRE.METALS,CLAD WITH PRE.METAL AND ARTCLS THEREOF;IMIT.JEWLRY;COIN.","1774.83","U K",2019
"27","MINERAL FUELS, MINERAL OILS AND PRODUCTS OF THEIR DISTILLATION; BITUMINOUS SUBSTANCES; MINERAL WAXES.","1767.96","MALAYSIA",2010
"84","NUCLEAR REACTORS, BOILERS, MACHINERY AND MECHANICAL APPLIANCES; PARTS THEREOF.","1762.81","ITALY",2021
"71","NATURAL OR CULTURED PEARLS,PRECIOUS OR SEMIPRECIOUS STONES,PRE.METALS,CLAD WITH PRE.METAL AND ARTCLS THEREOF;IMIT.JEWLRY;COIN.","1760.2","GHANA",2016
"71","NATURAL OR CULTURED PEARLS,PRECIOUS OR SEMIPRECIOUS STONES,PRE.METALS,CLAD WITH PRE.METAL AND ARTCLS THEREOF;IMIT.JEWLRY;COIN.","1760.09","U K",2010
"85","ELECTRICAL MACHINERY AND EQUIPMENT AND PARTS THEREOF; SOUND RECORDERS AND REPRODUCERS, TELEVISION IMAGE AND SOUND RECORDERS AND REPRODUCERS,AND PARTS.","1754.82","U S A",2017
"15","ANIMAL OR VEGETABLE FATS AND OILS AND THEIR CLEAVAGE PRODUCTS; PRE. EDIBLE FATS; ANIMAL OR VEGETABLE WAXEX.","1754.03","UKRAINE",2017
"84","NUCLEAR REACTORS, BOILERS, MACHINERY AND MECHANICAL APPLIANCES; PARTS THEREOF.","1748.33","ITALY",2010
"71","NATURAL OR CULTURED PEARLS,PRECIOUS OR SEMIPRECIOUS STONES,PRE.METALS,CLAD WITH PRE.METAL AND ARTCLS THEREOF;IMIT.JEWLRY;COIN.","1746.87","SOUTH AFRICA",2018
"29","ORGANIC CHEMICALS","1744.95","SAUDI ARAB",2021
"72","IRON AND STEEL","1744.11","KOREA RP",2012
"85","ELECTRICAL MACHINERY AND EQUIPMENT AND PARTS THEREOF; SOUND RECORDERS AND REPRODUCERS, TELEVISION IMAGE AND SOUND RECORDERS AND REPRODUCERS,AND PARTS.","1741.66","GERMANY",2018
"73","ARTICLES OF IRON OR STEEL","1735.33","CHINA P RP",2018
"27","MINERAL FUELS, MINERAL OILS AND PRODUCTS OF THEIR DISTILLATION; BITUMINOUS SUBSTANCES; MINERAL WAXES.","1733.66","BRAZIL",2010
"90","OPTICAL, PHOTOGRAPHIC CINEMATOGRAPHIC MEASURING, CHECKING PRECISION, MEDICAL OR SURGICAL INST. AND APPARATUS PARTS AND ACCESSORIES THEREOF;","1732.52","CHINA P RP",2020
"85","ELECTRICAL MACHINERY AND EQUIPMENT AND PARTS THEREOF; SOUND RECORDERS AND REPRODUCERS, TELEVISION IMAGE AND SOUND RECORDERS AND REPRODUCERS,AND PARTS.","1726.65","TAIWAN",2021
"27","MINERAL FUELS, MINERAL OILS AND PRODUCTS OF THEIR DISTILLATION; BITUMINOUS SUBSTANCES; MINERAL WAXES.","1724.58","SINGAPORE",2019
"27","MINERAL FUELS, MINERAL OILS AND PRODUCTS OF THEIR DISTILLATION; BITUMINOUS SUBSTANCES; MINERAL WAXES.","1724.32","MEXICO",2011
"27","MINERAL FUELS, MINERAL OILS AND PRODUCTS OF THEIR DISTILLATION; BITUMINOUS SUBSTANCES; MINERAL WAXES.","1722.95","YEMEN REPUBLC",2010
"72","IRON AND STEEL","1722.24","KOREA RP",2011
"15","ANIMAL OR VEGETABLE FATS AND OILS AND THEIR CLEAVAGE PRODUCTS; PRE. EDIBLE FATS; ANIMAL OR VEGETABLE WAXEX.","1720.46","ARGENTINA",2018
"85","ELECTRICAL MACHINERY AND EQUIPMENT AND PARTS THEREOF; SOUND RECORDERS AND REPRODUCERS, TELEVISION IMAGE AND SOUND RECORDERS AND REPRODUCERS,AND PARTS.","1712.99","U S A",2014
"39","PLASTIC AND ARTICLES THEREOF.","1710.63","CHINA P RP",2014
"84","NUCLEAR REACTORS, BOILERS, MACHINERY AND MECHANICAL APPLIANCES; PARTS THEREOF.","1706.39","KOREA RP",2014
"26","ORES, SLAG AND ASH.","1701.76","AUSTRALIA",2012
"26","ORES, SLAG AND ASH.","1698.02","AUSTRALIA",2011
"84","NUCLEAR REACTORS, BOILERS, MACHINERY AND MECHANICAL APPLIANCES; PARTS THEREOF.","1697.81","KOREA RP",2010
"29","ORGANIC CHEMICALS","1697.55","SAUDI ARAB",2016
"26","ORES, SLAG AND ASH.","1696.51","CHILE",2015
"84","NUCLEAR REACTORS, BOILERS, MACHINERY AND MECHANICAL APPLIANCES; PARTS THEREOF.","1692.74","ITALY",2017
"39","PLASTIC AND ARTICLES THEREOF.","1690.43","CHINA P RP",2015
"87","VEHICLES OTHER THAN RAILWAY OR TRAMWAY ROLLING STOCK, AND PARTS AND ACCESSORIES THEREOF.","1689.42","CHINA P RP",2021
"27","MINERAL FUELS, MINERAL OILS AND PRODUCTS OF THEIR DISTILLATION; BITUMINOUS SUBSTANCES; MINERAL WAXES.","1685.15","OMAN",2018
"72","IRON AND STEEL","1677.47","KOREA RP",2020
"38","MISCELLANEOUS CHEMICAL PRODUCTS.","1675.77","CHINA P RP",2021
"27","MINERAL FUELS, MINERAL OILS AND PRODUCTS OF THEIR DISTILLATION; BITUMINOUS SUBSTANCES; MINERAL WAXES.","1675.58","U S A",2011
"15","ANIMAL OR VEGETABLE FATS AND OILS AND THEIR CLEAVAGE PRODUCTS; PRE. EDIBLE FATS; ANIMAL OR VEGETABLE WAXEX.","1675.3","MALAYSIA",2011
"27","MINERAL FUELS, MINERAL OILS AND PRODUCTS OF THEIR DISTILLATION; BITUMINOUS SUBSTANCES; MINERAL WAXES.","1666.11","U S A",2016
"73","ARTICLES OF IRON OR STEEL","1665.3","CHINA P RP",2021
"90","OPTICAL, PHOTOGRAPHIC CINEMATOGRAPHIC MEASURING, CHECKING PRECISION, MEDICAL OR SURGICAL INST. AND APPARATUS PARTS AND ACCESSORIES THEREOF;","1663.23","CHINA P RP",2017
"88","AIRCRAFT, SPACECRAFT, AND PARTS THEREOF.","1662.5","U S A",2012
"28","INORGANIC CHEMICALS; ORGANIC OR INORGANIC COMPOUNDS OF PRECIOUS METALS, OF RARE-EARTH METALS, OR RADI. ELEM. OR OF ISOTOPES.","1660.5","JAPAN",2021
"84","NUCLEAR REACTORS, BOILERS, MACHINERY AND MECHANICAL APPLIANCES; PARTS THEREOF.","1653.37","KOREA RP",2013
"27","MINERAL FUELS, MINERAL OILS AND PRODUCTS OF THEIR DISTILLATION; BITUMINOUS SUBSTANCES; MINERAL WAXES.","1651.81","SOUTH AFRICA",2011
"71","NATURAL OR CULTURED PEARLS,PRECIOUS OR SEMIPRECIOUS STONES,PRE.METALS,CLAD WITH PRE.METAL AND ARTCLS THEREOF;IMIT.JEWLRY;COIN.","1647.25","AUSTRALIA",2014
"84","NUCLEAR REACTORS, BOILERS, MACHINERY AND MECHANICAL APPLIANCES; PARTS THEREOF.","1645.89","ITALY",2019
"29","ORGANIC CHEMICALS","1645.08","U S A",2019
"27","MINERAL FUELS, MINERAL OILS AND PRODUCTS OF THEIR DISTILLATION; BITUMINOUS SUBSTANCES; MINERAL WAXES.","1642.88","MALAYSIA",2017
"71","NATURAL OR CULTURED PEARLS,PRECIOUS OR SEMIPRECIOUS STONES,PRE.METALS,CLAD WITH PRE.METAL AND ARTCLS THEREOF;IMIT.JEWLRY;COIN.","1637.51","BOTSWANA",2017
"72","IRON AND STEEL","1636.78","JAPAN",2012
"27","MINERAL FUELS, MINERAL OILS AND PRODUCTS OF THEIR DISTILLATION; BITUMINOUS SUBSTANCES; MINERAL WAXES.","1636.28","SINGAPORE",2018
"99","MISCELLANEOUS GOODS.","1626.08","U S A",2010
"72","IRON AND STEEL","1621.03","CHINA P RP",2017
"84","NUCLEAR REACTORS, BOILERS, MACHINERY AND MECHANICAL APPLIANCES; PARTS THEREOF.","1614.2","HONG KONG",2020
"84","NUCLEAR REACTORS, BOILERS, MACHINERY AND MECHANICAL APPLIANCES; PARTS THEREOF.","1610.74","KOREA RP",2020
"39","PLASTIC AND ARTICLES THEREOF.","1608.55","KOREA RP",2019
"15","ANIMAL OR VEGETABLE FATS AND OILS AND THEIR CLEAVAGE PRODUCTS; PRE. EDIBLE FATS; ANIMAL OR VEGETABLE WAXEX.","1607.12","UKRAINE",2020
"29","ORGANIC CHEMICALS","1607.12","SINGAPORE",2013
"84","NUCLEAR REACTORS, BOILERS, MACHINERY AND MECHANICAL APPLIANCES; PARTS THEREOF.","1605.96","KOREA RP",2015
"84","NUCLEAR REACTORS, BOILERS, MACHINERY AND MECHANICAL APPLIANCES; PARTS THEREOF.","1600.68","KOREA RP",2017
"15","ANIMAL OR VEGETABLE FATS AND OILS AND THEIR CLEAVAGE PRODUCTS; PRE. EDIBLE FATS; ANIMAL OR VEGETABLE WAXEX.","1597.3","MALAYSIA",2017
"90","OPTICAL, PHOTOGRAPHIC CINEMATOGRAPHIC MEASURING, CHECKING PRECISION, MEDICAL OR SURGICAL INST. AND APPARATUS PARTS AND ACCESSORIES THEREOF;","1596.97","U S A",2017
"27","MINERAL FUELS, MINERAL OILS AND PRODUCTS OF THEIR DISTILLATION; BITUMINOUS SUBSTANCES; MINERAL WAXES.","1596.79","BRAZIL",2018
"85","ELECTRICAL MACHINERY AND EQUIPMENT AND PARTS THEREOF; SOUND RECORDERS AND REPRODUCERS, TELEVISION IMAGE AND SOUND RECORDERS AND REPRODUCERS,AND PARTS.","1595.73","VIETNAM SOC REP",2017
"88","AIRCRAFT, SPACECRAFT, AND PARTS THEREOF.","1594.39","U S A",2010
"29","ORGANIC CHEMICALS","1591.94","U S A",2020
"73","ARTICLES OF IRON OR STEEL","1588.76","CHINA P RP",2019
"90","OPTICAL, PHOTOGRAPHIC CINEMATOGRAPHIC MEASURING, CHECKING PRECISION, MEDICAL OR SURGICAL INST. AND APPARATUS PARTS AND ACCESSORIES THEREOF;","1587.69","CHINA P RP",2018
"15","ANIMAL OR VEGETABLE FATS AND OILS AND THEIR CLEAVAGE PRODUCTS; PRE. EDIBLE FATS; ANIMAL OR VEGETABLE WAXEX.","1583.75","ARGENTINA",2014
"15","ANIMAL OR VEGETABLE FATS AND OILS AND THEIR CLEAVAGE PRODUCTS; PRE. EDIBLE FATS; ANIMAL OR VEGETABLE WAXEX.","1578.32","UKRAINE",2014
"84","NUCLEAR REACTORS, BOILERS, MACHINERY AND MECHANICAL APPLIANCES; PARTS THEREOF.","1575.38","ITALY",2013
"90","OPTICAL, PHOTOGRAPHIC CINEMATOGRAPHIC MEASURING, CHECKING PRECISION, MEDICAL OR SURGICAL INST. AND APPARATUS PARTS AND ACCESSORIES THEREOF;","1567.35","U S A",2021
"27","MINERAL FUELS, MINERAL OILS AND PRODUCTS OF THEIR DISTILLATION; BITUMINOUS SUBSTANCES; MINERAL WAXES.","1561.43","BRAZIL",2017
"27","MINERAL FUELS, MINERAL OILS AND PRODUCTS OF THEIR DISTILLATION; BITUMINOUS SUBSTANCES; MINERAL WAXES.","1559.37","ALGERIA",2018
"85","ELECTRICAL MACHINERY AND EQUIPMENT AND PARTS THEREOF; SOUND RECORDERS AND REPRODUCERS, TELEVISION IMAGE AND SOUND RECORDERS AND REPRODUCERS,AND PARTS.","1553.32","U S A",2011
"31","FERTILISERS.","1551.23","CHINA P RP",2020
"27","MINERAL FUELS, MINERAL OILS AND PRODUCTS OF THEIR DISTILLATION; BITUMINOUS SUBSTANCES; MINERAL WAXES.","1547.96","MALAYSIA",2015
"88","AIRCRAFT, SPACECRAFT, AND PARTS THEREOF.","1544.18","U S A",2019
"73","ARTICLES OF IRON OR STEEL","1543.59","CHINA P RP",2011
"85","ELECTRICAL MACHINERY AND EQUIPMENT AND PARTS THEREOF; SOUND RECORDERS AND REPRODUCERS, TELEVISION IMAGE AND SOUND RECORDERS AND REPRODUCERS,AND PARTS.","1542.72","MALAYSIA",2017
"39","PLASTIC AND ARTICLES THEREOF.","1540.92","KOREA RP",2017
"29","ORGANIC CHEMICALS","1538","SAUDI ARAB",2017
"85","ELECTRICAL MACHINERY AND EQUIPMENT AND PARTS THEREOF; SOUND RECORDERS AND REPRODUCERS, TELEVISION IMAGE AND SOUND RECORDERS AND REPRODUCERS,AND PARTS.","1535.79","GERMANY",2021
"29","ORGANIC CHEMICALS","1533.66","SINGAPORE",2021
"27","MINERAL FUELS, MINERAL OILS AND PRODUCTS OF THEIR DISTILLATION; BITUMINOUS SUBSTANCES; MINERAL WAXES.","1530.79","U S A",2013
"85","ELECTRICAL MACHINERY AND EQUIPMENT AND PARTS THEREOF; SOUND RECORDERS AND REPRODUCERS, TELEVISION IMAGE AND SOUND RECORDERS AND REPRODUCERS,AND PARTS.","1530.05","U S A",2020
"85","ELECTRICAL MACHINERY AND EQUIPMENT AND PARTS THEREOF; SOUND RECORDERS AND REPRODUCERS, TELEVISION IMAGE AND SOUND RECORDERS AND REPRODUCERS,AND PARTS.","1527.49","GERMANY",2012
"88","AIRCRAFT, SPACECRAFT, AND PARTS THEREOF.","1526.85","U S A",2011
"85","ELECTRICAL MACHINERY AND EQUIPMENT AND PARTS THEREOF; SOUND RECORDERS AND REPRODUCERS, TELEVISION IMAGE AND SOUND RECORDERS AND REPRODUCERS,AND PARTS.","1524.8","GERMANY",2019
"87","VEHICLES OTHER THAN RAILWAY OR TRAMWAY ROLLING STOCK, AND PARTS AND ACCESSORIES THEREOF.","1521.1","CHINA P RP",2018
"84","NUCLEAR REACTORS, BOILERS, MACHINERY AND MECHANICAL APPLIANCES; PARTS THEREOF.","1518.23","ITALY",2015
"31","FERTILISERS.","1517.44","CHINA P RP",2010
"27","MINERAL FUELS, MINERAL OILS AND PRODUCTS OF THEIR DISTILLATION; BITUMINOUS SUBSTANCES; MINERAL WAXES.","1514.11","OMAN",2013
"90","OPTICAL, PHOTOGRAPHIC CINEMATOGRAPHIC MEASURING, CHECKING PRECISION, MEDICAL OR SURGICAL INST. AND APPARATUS PARTS AND ACCESSORIES THEREOF;","1512.76","U S A",2018
"84","NUCLEAR REACTORS, BOILERS, MACHINERY AND MECHANICAL APPLIANCES; PARTS THEREOF.","1512.63","ITALY",2014
"85","ELECTRICAL MACHINERY AND EQUIPMENT AND PARTS THEREOF; SOUND RECORDERS AND REPRODUCERS, TELEVISION IMAGE AND SOUND RECORDERS AND REPRODUCERS,AND PARTS.","1509.51","GERMANY",2017
"27","MINERAL FUELS, MINERAL OILS AND PRODUCTS OF THEIR DISTILLATION; BITUMINOUS SUBSTANCES; MINERAL WAXES.","1508.08","NORWAY",2021
"72","IRON AND STEEL","1507.77","KOREA RP",2016
"84","NUCLEAR REACTORS, BOILERS, MACHINERY AND MECHANICAL APPLIANCES; PARTS THEREOF.","1506.91","KOREA RP",2016
"71","NATURAL OR CULTURED PEARLS,PRECIOUS OR SEMIPRECIOUS STONES,PRE.METALS,CLAD WITH PRE.METAL AND ARTCLS THEREOF;IMIT.JEWLRY;COIN.","1504.97","U K",2015
"15","ANIMAL OR VEGETABLE FATS AND OILS AND THEIR CLEAVAGE PRODUCTS; PRE. EDIBLE FATS; ANIMAL OR VEGETABLE WAXEX.","1501.04","MALAYSIA",2018
"29","ORGANIC CHEMICALS","1500.27","SINGAPORE",2017
"15","ANIMAL OR VEGETABLE FATS AND OILS AND THEIR CLEAVAGE PRODUCTS; PRE. EDIBLE FATS; ANIMAL OR VEGETABLE WAXEX.","1500.18","UKRAINE",2019
"71","NATURAL OR CULTURED PEARLS,PRECIOUS OR SEMIPRECIOUS STONES,PRE.METALS,CLAD WITH PRE.METAL AND ARTCLS THEREOF;IMIT.JEWLRY;COIN.","1499.85","PERU",2020
"39","PLASTIC AND ARTICLES THEREOF.","1498.77","KOREA RP",2020
"72","IRON AND STEEL","1495.32","CHINA P RP",2012
"85","ELECTRICAL MACHINERY AND EQUIPMENT AND PARTS THEREOF; SOUND RECORDERS AND REPRODUCERS, TELEVISION IMAGE AND SOUND RECORDERS AND REPRODUCERS,AND PARTS.","1493.12","U S A",2012
"72","IRON AND STEEL","1490.42","JAPAN",2015
"71","NATURAL OR CULTURED PEARLS,PRECIOUS OR SEMIPRECIOUS STONES,PRE.METALS,CLAD WITH PRE.METAL AND ARTCLS THEREOF;IMIT.JEWLRY;COIN.","1488.19","RUSSIA",2015
"84","NUCLEAR REACTORS, BOILERS, MACHINERY AND MECHANICAL APPLIANCES; PARTS THEREOF.","1485.39","THAILAND",2021
"85","ELECTRICAL MACHINERY AND EQUIPMENT AND PARTS THEREOF; SOUND RECORDERS AND REPRODUCERS, TELEVISION IMAGE AND SOUND RECORDERS AND REPRODUCERS,AND PARTS.","1480.23","GERMANY",2010
"27","MINERAL FUELS, MINERAL OILS AND PRODUCTS OF THEIR DISTILLATION; BITUMINOUS SUBSTANCES; MINERAL WAXES.","1479.87","KOREA RP",2021
"27","MINERAL FUELS, MINERAL OILS AND PRODUCTS OF THEIR DISTILLATION; BITUMINOUS SUBSTANCES; MINERAL WAXES.","1479.77","MALAYSIA",2021
"88","AIRCRAFT, SPACECRAFT, AND PARTS THEREOF.","1479.24","U S A",2018
"73","ARTICLES OF IRON OR STEEL","1476.78","CHINA P RP",2012
"73","ARTICLES OF IRON OR STEEL","1473.96","CHINA P RP",2017
"90","OPTICAL, PHOTOGRAPHIC CINEMATOGRAPHIC MEASURING, CHECKING PRECISION, MEDICAL OR SURGICAL INST. AND APPARATUS PARTS AND ACCESSORIES THEREOF;","1473.82","U S A",2015
"85","ELECTRICAL MACHINERY AND EQUIPMENT AND PARTS THEREOF; SOUND RECORDERS AND REPRODUCERS, TELEVISION IMAGE AND SOUND RECORDERS AND REPRODUCERS,AND PARTS.","1472.44","KOREA RP",2012
"84","NUCLEAR REACTORS, BOILERS, MACHINERY AND MECHANICAL APPLIANCES; PARTS THEREOF.","1467.62","ITALY",2016
"90","OPTICAL, PHOTOGRAPHIC CINEMATOGRAPHIC MEASURING, CHECKING PRECISION, MEDICAL OR SURGICAL INST. AND APPARATUS PARTS AND ACCESSORIES THEREOF;","1466.66","U S A",2019
"88","AIRCRAFT, SPACECRAFT, AND PARTS THEREOF.","1463.15","GERMANY",2018
"27","MINERAL FUELS, MINERAL OILS AND PRODUCTS OF THEIR DISTILLATION; BITUMINOUS SUBSTANCES; MINERAL WAXES.","1458.07","U S A",2014
"89","SHIPS, BOATS AND FLOATING STRUCTURES.","1454.44","CHINA P RP",2016
"87","VEHICLES OTHER THAN RAILWAY OR TRAMWAY ROLLING STOCK, AND PARTS AND ACCESSORIES THEREOF.","1454.23","CHINA P RP",2017
"72","IRON AND STEEL","1453.75","JAPAN",2014
"98","PROJECT GOODS; SOME SPECIAL USES.","1451.74","CHINA P RP",2014
"90","OPTICAL, PHOTOGRAPHIC CINEMATOGRAPHIC MEASURING, CHECKING PRECISION, MEDICAL OR SURGICAL INST. AND APPARATUS PARTS AND ACCESSORIES THEREOF;","1451.64","U S A",2016
"26","ORES, SLAG AND ASH.","1450.65","AUSTRALIA",2013
"71","NATURAL OR CULTURED PEARLS,PRECIOUS OR SEMIPRECIOUS STONES,PRE.METALS,CLAD WITH PRE.METAL AND ARTCLS THEREOF;IMIT.JEWLRY;COIN.","1441.03","KOREA RP",2017
"90","OPTICAL, PHOTOGRAPHIC CINEMATOGRAPHIC MEASURING, CHECKING PRECISION, MEDICAL OR SURGICAL INST. AND APPARATUS PARTS AND ACCESSORIES THEREOF;","1439.77","U S A",2012
"71","NATURAL OR CULTURED PEARLS,PRECIOUS OR SEMIPRECIOUS STONES,PRE.METALS,CLAD WITH PRE.METAL AND ARTCLS THEREOF;IMIT.JEWLRY;COIN.","1431.71","GUINEA",2020
"85","ELECTRICAL MACHINERY AND EQUIPMENT AND PARTS THEREOF; SOUND RECORDERS AND REPRODUCERS, TELEVISION IMAGE AND SOUND RECORDERS AND REPRODUCERS,AND PARTS.","1430.85","U S A",2015
"29","ORGANIC CHEMICALS","1428.35","SINGAPORE",2014
"90","OPTICAL, PHOTOGRAPHIC CINEMATOGRAPHIC MEASURING, CHECKING PRECISION, MEDICAL OR SURGICAL INST. AND APPARATUS PARTS AND ACCESSORIES THEREOF;","1426.84","U S A",2013
"71","NATURAL OR CULTURED PEARLS,PRECIOUS OR SEMIPRECIOUS STONES,PRE.METALS,CLAD WITH PRE.METAL AND ARTCLS THEREOF;IMIT.JEWLRY;COIN.","1424.8","PERU",2019
"72","IRON AND STEEL","1422.37","CHINA P RP",2018
"7","EDIBLE VEGETABLES AND CERTAIN ROOTS AND TUBERS.","1415.65","CANADA",2015
"07","EDIBLE VEGETABLES AND CERTAIN ROOTS AND TUBERS.","1415.65","CANADA",2015
"72","IRON AND STEEL","1414.27","KOREA RP",2013
"88","AIRCRAFT, SPACECRAFT, AND PARTS THEREOF.","1409.87","FRANCE",2014
"85","ELECTRICAL MACHINERY AND EQUIPMENT AND PARTS THEREOF; SOUND RECORDERS AND REPRODUCERS, TELEVISION IMAGE AND SOUND RECORDERS AND REPRODUCERS,AND PARTS.","1408.09","JAPAN",2018
"85","ELECTRICAL MACHINERY AND EQUIPMENT AND PARTS THEREOF; SOUND RECORDERS AND REPRODUCERS, TELEVISION IMAGE AND SOUND RECORDERS AND REPRODUCERS,AND PARTS.","1407.49","GERMANY",2014
"15","ANIMAL OR VEGETABLE FATS AND OILS AND THEIR CLEAVAGE PRODUCTS; PRE. EDIBLE FATS; ANIMAL OR VEGETABLE WAXEX.","1405.62","UKRAINE",2016
"31","FERTILISERS.","1401.98","U S A",2011
"72","IRON AND STEEL","1401.51","KOREA RP",2010
"90","OPTICAL, PHOTOGRAPHIC CINEMATOGRAPHIC MEASURING, CHECKING PRECISION, MEDICAL OR SURGICAL INST. AND APPARATUS PARTS AND ACCESSORIES THEREOF;","1396.36","U S A",2014
"84","NUCLEAR REACTORS, BOILERS, MACHINERY AND MECHANICAL APPLIANCES; PARTS THEREOF.","1392.17","THAILAND",2018
"73","ARTICLES OF IRON OR STEEL","1392.09","CHINA P RP",2014
"38","MISCELLANEOUS CHEMICAL PRODUCTS.","1386.24","CHINA P RP",2020
"84","NUCLEAR REACTORS, BOILERS, MACHINERY AND MECHANICAL APPLIANCES; PARTS THEREOF.","1384.43","THAILAND",2012
"27","MINERAL FUELS, MINERAL OILS AND PRODUCTS OF THEIR DISTILLATION; BITUMINOUS SUBSTANCES; MINERAL WAXES.","1383.92","BRAZIL",2016
"84","NUCLEAR REACTORS, BOILERS, MACHINERY AND MECHANICAL APPLIANCES; PARTS THEREOF.","1382.71","THAILAND",2014
"85","ELECTRICAL MACHINERY AND EQUIPMENT AND PARTS THEREOF; SOUND RECORDERS AND REPRODUCERS, TELEVISION IMAGE AND SOUND RECORDERS AND REPRODUCERS,AND PARTS.","1382.13","U S A",2013
"89","SHIPS, BOATS AND FLOATING STRUCTURES.","1380.07","CHINA P RP",2011
"27","MINERAL FUELS, MINERAL OILS AND PRODUCTS OF THEIR DISTILLATION; BITUMINOUS SUBSTANCES; MINERAL WAXES.","1379.95","EGYPT A RP",2019
"27","MINERAL FUELS, MINERAL OILS AND PRODUCTS OF THEIR DISTILLATION; BITUMINOUS SUBSTANCES; MINERAL WAXES.","1378.92","MEXICO",2015
"71","NATURAL OR CULTURED PEARLS,PRECIOUS OR SEMIPRECIOUS STONES,PRE.METALS,CLAD WITH PRE.METAL AND ARTCLS THEREOF;IMIT.JEWLRY;COIN.","1377.77","SINGAPORE",2020
"87","VEHICLES OTHER THAN RAILWAY OR TRAMWAY ROLLING STOCK, AND PARTS AND ACCESSORIES THEREOF.","1375.68","CHINA P RP",2020
"90","OPTICAL, PHOTOGRAPHIC CINEMATOGRAPHIC MEASURING, CHECKING PRECISION, MEDICAL OR SURGICAL INST. AND APPARATUS PARTS AND ACCESSORIES THEREOF;","1370.57","U S A",2011
"39","PLASTIC AND ARTICLES THEREOF.","1369.05","THAILAND",2021
"15","ANIMAL OR VEGETABLE FATS AND OILS AND THEIR CLEAVAGE PRODUCTS; PRE. EDIBLE FATS; ANIMAL OR VEGETABLE WAXEX.","1368.99","UKRAINE",2012
"84","NUCLEAR REACTORS, BOILERS, MACHINERY AND MECHANICAL APPLIANCES; PARTS THEREOF.","1363.72","ITALY",2020
"39","PLASTIC AND ARTICLES THEREOF.","1358.9","KOREA RP",2014
"27","MINERAL FUELS, MINERAL OILS AND PRODUCTS OF THEIR DISTILLATION; BITUMINOUS SUBSTANCES; MINERAL WAXES.","1357.83","EGYPT A RP",2014
"85","ELECTRICAL MACHINERY AND EQUIPMENT AND PARTS THEREOF; SOUND RECORDERS AND REPRODUCERS, TELEVISION IMAGE AND SOUND RECORDERS AND REPRODUCERS,AND PARTS.","1357.51","JAPAN",2019
"85","ELECTRICAL MACHINERY AND EQUIPMENT AND PARTS THEREOF; SOUND RECORDERS AND REPRODUCERS, TELEVISION IMAGE AND SOUND RECORDERS AND REPRODUCERS,AND PARTS.","1354.93","MALAYSIA",2016
"84","NUCLEAR REACTORS, BOILERS, MACHINERY AND MECHANICAL APPLIANCES; PARTS THEREOF.","1354.74","HONG KONG",2019
"85","ELECTRICAL MACHINERY AND EQUIPMENT AND PARTS THEREOF; SOUND RECORDERS AND REPRODUCERS, TELEVISION IMAGE AND SOUND RECORDERS AND REPRODUCERS,AND PARTS.","1349.57","GERMANY",2013
"38","MISCELLANEOUS CHEMICAL PRODUCTS.","1348.97","CHINA P RP",2017
"85","ELECTRICAL MACHINERY AND EQUIPMENT AND PARTS THEREOF; SOUND RECORDERS AND REPRODUCERS, TELEVISION IMAGE AND SOUND RECORDERS AND REPRODUCERS,AND PARTS.","1348.7","JAPAN",2011
"72","IRON AND STEEL","1346.69","CHINA P RP",2016
"84","NUCLEAR REACTORS, BOILERS, MACHINERY AND MECHANICAL APPLIANCES; PARTS THEREOF.","1341.78","THAILAND",2017
"90","OPTICAL, PHOTOGRAPHIC CINEMATOGRAPHIC MEASURING, CHECKING PRECISION, MEDICAL OR SURGICAL INST. AND APPARATUS PARTS AND ACCESSORIES THEREOF;","1340.39","CHINA P RP",2019
"85","ELECTRICAL MACHINERY AND EQUIPMENT AND PARTS THEREOF; SOUND RECORDERS AND REPRODUCERS, TELEVISION IMAGE AND SOUND RECORDERS AND REPRODUCERS,AND PARTS.","1335.74","JAPAN",2017
"29","ORGANIC CHEMICALS","1334.61","KOREA RP",2021
"84","NUCLEAR REACTORS, BOILERS, MACHINERY AND MECHANICAL APPLIANCES; PARTS THEREOF.","1328.39","THAILAND",2015
"39","PLASTIC AND ARTICLES THEREOF.","1320.57","CHINA P RP",2013
"90","OPTICAL, PHOTOGRAPHIC CINEMATOGRAPHIC MEASURING, CHECKING PRECISION, MEDICAL OR SURGICAL INST. AND APPARATUS PARTS AND ACCESSORIES THEREOF;","1320.48","CHINA P RP",2016
"71","NATURAL OR CULTURED PEARLS,PRECIOUS OR SEMIPRECIOUS STONES,PRE.METALS,CLAD WITH PRE.METAL AND ARTCLS THEREOF;IMIT.JEWLRY;COIN.","1320.27","ISRAEL",2021
"90","OPTICAL, PHOTOGRAPHIC CINEMATOGRAPHIC MEASURING, CHECKING PRECISION, MEDICAL OR SURGICAL INST. AND APPARATUS PARTS AND ACCESSORIES THEREOF;","1318.15","GERMANY",2018
"73","ARTICLES OF IRON OR STEEL","1317.92","CHINA P RP",2020
"85","ELECTRICAL MACHINERY AND EQUIPMENT AND PARTS THEREOF; SOUND RECORDERS AND REPRODUCERS, TELEVISION IMAGE AND SOUND RECORDERS AND REPRODUCERS,AND PARTS.","1317.65","JAPAN",2021
"72","IRON AND STEEL","1315.49","CHINA P RP",2021
"26","ORES, SLAG AND ASH.","1314.92","CHILE",2010
"84","NUCLEAR REACTORS, BOILERS, MACHINERY AND MECHANICAL APPLIANCES; PARTS THEREOF.","1311.18","THAILAND",2019
"27","MINERAL FUELS, MINERAL OILS AND PRODUCTS OF THEIR DISTILLATION; BITUMINOUS SUBSTANCES; MINERAL WAXES.","1308.02","U S A",2015
"71","NATURAL OR CULTURED PEARLS,PRECIOUS OR SEMIPRECIOUS STONES,PRE.METALS,CLAD WITH PRE.METAL AND ARTCLS THEREOF;IMIT.JEWLRY;COIN.","1306.27","BOTSWANA",2016
"85","ELECTRICAL MACHINERY AND EQUIPMENT AND PARTS THEREOF; SOUND RECORDERS AND REPRODUCERS, TELEVISION IMAGE AND SOUND RECORDERS AND REPRODUCERS,AND PARTS.","1306.19","FINLAND",2011
"90","OPTICAL, PHOTOGRAPHIC CINEMATOGRAPHIC MEASURING, CHECKING PRECISION, MEDICAL OR SURGICAL INST. AND APPARATUS PARTS AND ACCESSORIES THEREOF;","1305.99","GERMANY",2021
"27","MINERAL FUELS, MINERAL OILS AND PRODUCTS OF THEIR DISTILLATION; BITUMINOUS SUBSTANCES; MINERAL WAXES.","1303.79","SOUTH AFRICA",2010
"88","AIRCRAFT, SPACECRAFT, AND PARTS THEREOF.","1301.04","FRANCE",2012
"39","PLASTIC AND ARTICLES THEREOF.","1300.47","SINGAPORE",2021
"71","NATURAL OR CULTURED PEARLS,PRECIOUS OR SEMIPRECIOUS STONES,PRE.METALS,CLAD WITH PRE.METAL AND ARTCLS THEREOF;IMIT.JEWLRY;COIN.","1298.04","GHANA",2019
"85","ELECTRICAL MACHINERY AND EQUIPMENT AND PARTS THEREOF; SOUND RECORDERS AND REPRODUCERS, TELEVISION IMAGE AND SOUND RECORDERS AND REPRODUCERS,AND PARTS.","1296.45","U S A",2016
"26","ORES, SLAG AND ASH.","1293.49","AUSTRALIA",2010
"90","OPTICAL, PHOTOGRAPHIC CINEMATOGRAPHIC MEASURING, CHECKING PRECISION, MEDICAL OR SURGICAL INST. AND APPARATUS PARTS AND ACCESSORIES THEREOF;","1291.14","CHINA P RP",2015
"38","MISCELLANEOUS CHEMICAL PRODUCTS.","1290.59","CHINA P RP",2018
"84","NUCLEAR REACTORS, BOILERS, MACHINERY AND MECHANICAL APPLIANCES; PARTS THEREOF.","1289.76","HONG KONG",2018
"72","IRON AND STEEL","1289.65","JAPAN",2013
"71","NATURAL OR CULTURED PEARLS,PRECIOUS OR SEMIPRECIOUS STONES,PRE.METALS,CLAD WITH PRE.METAL AND ARTCLS THEREOF;IMIT.JEWLRY;COIN.","1285.83","ISRAEL",2011
"27","MINERAL FUELS, MINERAL OILS AND PRODUCTS OF THEIR DISTILLATION; BITUMINOUS SUBSTANCES; MINERAL WAXES.","1280.6","CONGO P REP",2021
"72","IRON AND STEEL","1280.23","JAPAN",2011
"85","ELECTRICAL MACHINERY AND EQUIPMENT AND PARTS THEREOF; SOUND RECORDERS AND REPRODUCERS, TELEVISION IMAGE AND SOUND RECORDERS AND REPRODUCERS,AND PARTS.","1278.94","GERMANY",2016
"85","ELECTRICAL MACHINERY AND EQUIPMENT AND PARTS THEREOF; SOUND RECORDERS AND REPRODUCERS, TELEVISION IMAGE AND SOUND RECORDERS AND REPRODUCERS,AND PARTS.","1278.81","JAPAN",2012
"85","ELECTRICAL MACHINERY AND EQUIPMENT AND PARTS THEREOF; SOUND RECORDERS AND REPRODUCERS, TELEVISION IMAGE AND SOUND RECORDERS AND REPRODUCERS,AND PARTS.","1277.43","MALAYSIA",2012
"29","ORGANIC CHEMICALS","1274.64","SAUDI ARAB",2015
"15","ANIMAL OR VEGETABLE FATS AND OILS AND THEIR CLEAVAGE PRODUCTS; PRE. EDIBLE FATS; ANIMAL OR VEGETABLE WAXEX.","1274.49","UKRAINE",2015
"87","VEHICLES OTHER THAN RAILWAY OR TRAMWAY ROLLING STOCK, AND PARTS AND ACCESSORIES THEREOF.","1273.88","CHINA P RP",2019
"39","PLASTIC AND ARTICLES THEREOF.","1272.95","KOREA RP",2015
"71","NATURAL OR CULTURED PEARLS,PRECIOUS OR SEMIPRECIOUS STONES,PRE.METALS,CLAD WITH PRE.METAL AND ARTCLS THEREOF;IMIT.JEWLRY;COIN.","1272.87","RUSSIA",2014
"85","ELECTRICAL MACHINERY AND EQUIPMENT AND PARTS THEREOF; SOUND RECORDERS AND REPRODUCERS, TELEVISION IMAGE AND SOUND RECORDERS AND REPRODUCERS,AND PARTS.","1271.57","SINGAPORE",2011
"85","ELECTRICAL MACHINERY AND EQUIPMENT AND PARTS THEREOF; SOUND RECORDERS AND REPRODUCERS, TELEVISION IMAGE AND SOUND RECORDERS AND REPRODUCERS,AND PARTS.","1270.27","GERMANY",2015
"29","ORGANIC CHEMICALS","1265.24","SAUDI ARAB",2014
"89","SHIPS, BOATS AND FLOATING STRUCTURES.","1264.9","CHINA P RP",2015
"71","NATURAL OR CULTURED PEARLS,PRECIOUS OR SEMIPRECIOUS STONES,PRE.METALS,CLAD WITH PRE.METAL AND ARTCLS THEREOF;IMIT.JEWLRY;COIN.","1263.0","RUSSIA",2011
"85","ELECTRICAL MACHINERY AND EQUIPMENT AND PARTS THEREOF; SOUND RECORDERS AND REPRODUCERS, TELEVISION IMAGE AND SOUND RECORDERS AND REPRODUCERS,AND PARTS.","1261.85","U S A",2010
"72","IRON AND STEEL","1260.01","INDONESIA",2021
"72","IRON AND STEEL","1259.14","JAPAN",2018
"29","ORGANIC CHEMICALS","1255.01","SAUDI ARAB",2011
"71","NATURAL OR CULTURED PEARLS,PRECIOUS OR SEMIPRECIOUS STONES,PRE.METALS,CLAD WITH PRE.METAL AND ARTCLS THEREOF;IMIT.JEWLRY;COIN.","1253.42","RUSSIA",2021
"29","ORGANIC CHEMICALS","1250.92","KOREA RP",2013
"31","FERTILISERS.","1250.63","CHINA P RP",2016
"29","ORGANIC CHEMICALS","1248.98","SAUDI ARAB",2012
"85","ELECTRICAL MACHINERY AND EQUIPMENT AND PARTS THEREOF; SOUND RECORDERS AND REPRODUCERS, TELEVISION IMAGE AND SOUND RECORDERS AND REPRODUCERS,AND PARTS.","1247.37","MALAYSIA",2014
"85","ELECTRICAL MACHINERY AND EQUIPMENT AND PARTS THEREOF; SOUND RECORDERS AND REPRODUCERS, TELEVISION IMAGE AND SOUND RECORDERS AND REPRODUCERS,AND PARTS.","1247.24","VIETNAM SOC REP",2013
"85","ELECTRICAL MACHINERY AND EQUIPMENT AND PARTS THEREOF; SOUND RECORDERS AND REPRODUCERS, TELEVISION IMAGE AND SOUND RECORDERS AND REPRODUCERS,AND PARTS.","1246.84","MALAYSIA",2011
"39","PLASTIC AND ARTICLES THEREOF.","1246.36","U ARAB EMTS",2021
"27","MINERAL FUELS, MINERAL OILS AND PRODUCTS OF THEIR DISTILLATION; BITUMINOUS SUBSTANCES; MINERAL WAXES.","1244.65","BRAZIL",2015
"29","ORGANIC CHEMICALS","1244.37","KOREA RP",2019
"85","ELECTRICAL MACHINERY AND EQUIPMENT AND PARTS THEREOF; SOUND RECORDERS AND REPRODUCERS, TELEVISION IMAGE AND SOUND RECORDERS AND REPRODUCERS,AND PARTS.","1239.29","VIETNAM SOC REP",2014
"39","PLASTIC AND ARTICLES THEREOF.","1237.17","JAPAN",2021
"73","ARTICLES OF IRON OR STEEL","1234.16","CHINA P RP",2016
"71","NATURAL OR CULTURED PEARLS,PRECIOUS OR SEMIPRECIOUS STONES,PRE.METALS,CLAD WITH PRE.METAL AND ARTCLS THEREOF;IMIT.JEWLRY;COIN.","1231.17","CHINA P RP",2014
"39","PLASTIC AND ARTICLES THEREOF.","1230.01","KOREA RP",2016
"85","ELECTRICAL MACHINERY AND EQUIPMENT AND PARTS THEREOF; SOUND RECORDERS AND REPRODUCERS, TELEVISION IMAGE AND SOUND RECORDERS AND REPRODUCERS,AND PARTS.","1229.72","GERMANY",2020
"84","NUCLEAR REACTORS, BOILERS, MACHINERY AND MECHANICAL APPLIANCES; PARTS THEREOF.","1228.82","THAILAND",2013
"27","MINERAL FUELS, MINERAL OILS AND PRODUCTS OF THEIR DISTILLATION; BITUMINOUS SUBSTANCES; MINERAL WAXES.","1227.8","ALGERIA",2017
"29","ORGANIC CHEMICALS","1226.06","U S A",2017
"90","OPTICAL, PHOTOGRAPHIC CINEMATOGRAPHIC MEASURING, CHECKING PRECISION, MEDICAL OR SURGICAL INST. AND APPARATUS PARTS AND ACCESSORIES THEREOF;","1221.68","CHINA P RP",2014
"84","NUCLEAR REACTORS, BOILERS, MACHINERY AND MECHANICAL APPLIANCES; PARTS THEREOF.","1219.93","SINGAPORE",2015
"73","ARTICLES OF IRON OR STEEL","1219.19","CHINA P RP",2013
"71","NATURAL OR CULTURED PEARLS,PRECIOUS OR SEMIPRECIOUS STONES,PRE.METALS,CLAD WITH PRE.METAL AND ARTCLS THEREOF;IMIT.JEWLRY;COIN.","1216.09","CANADA",2017
"89","SHIPS, BOATS AND FLOATING STRUCTURES.","1213.39","CHINA P RP",2010
"89","SHIPS, BOATS AND FLOATING STRUCTURES.","1208.98","CHINA P RP",2017
"85","ELECTRICAL MACHINERY AND EQUIPMENT AND PARTS THEREOF; SOUND RECORDERS AND REPRODUCERS, TELEVISION IMAGE AND SOUND RECORDERS AND REPRODUCERS,AND PARTS.","1208.41","HONG KONG",2017
"89","SHIPS, BOATS AND FLOATING STRUCTURES.","1207.54","NETHERLAND",2013
"29","ORGANIC CHEMICALS","1206.11","SAUDI ARAB",2013
"99","MISCELLANEOUS GOODS.","1205.51","HONG KONG",2012
"38","MISCELLANEOUS CHEMICAL PRODUCTS.","1205.06","CHINA P RP",2019
"85","ELECTRICAL MACHINERY AND EQUIPMENT AND PARTS THEREOF; SOUND RECORDERS AND REPRODUCERS, TELEVISION IMAGE AND SOUND RECORDERS AND REPRODUCERS,AND PARTS.","1204.47","SINGAPORE",2017
"90","OPTICAL, PHOTOGRAPHIC CINEMATOGRAPHIC MEASURING, CHECKING PRECISION, MEDICAL OR SURGICAL INST. AND APPARATUS PARTS AND ACCESSORIES THEREOF;","1201.08","GERMANY",2019
"39","PLASTIC AND ARTICLES THEREOF.","1200.93","SINGAPORE",2018
"94","FURNITURE; BEDDING, MATTRESSES, MATTRESS SUPPORTS, CUSHIONS AND SIMILAR STUFFED FURNISHING; LAMPS AND LIGHTING FITTINGS NOT ELSEWHERE SPECIFIED OR INC","1200.9","CHINA P RP",2017
"71","NATURAL OR CULTURED PEARLS,PRECIOUS OR SEMIPRECIOUS STONES,PRE.METALS,CLAD WITH PRE.METAL AND ARTCLS THEREOF;IMIT.JEWLRY;COIN.","1199.81","ISRAEL",2013
"71","NATURAL OR CULTURED PEARLS,PRECIOUS OR SEMIPRECIOUS STONES,PRE.METALS,CLAD WITH PRE.METAL AND ARTCLS THEREOF;IMIT.JEWLRY;COIN.","1194.98","ISRAEL",2012
"74","COPPER AND ARTICLES THEREOF.","1193.58","JAPAN",2021
"85","ELECTRICAL MACHINERY AND EQUIPMENT AND PARTS THEREOF; SOUND RECORDERS AND REPRODUCERS, TELEVISION IMAGE AND SOUND RECORDERS AND REPRODUCERS,AND PARTS.","1193.52","MALAYSIA",2015
"29","ORGANIC CHEMICALS","1190.26","SINGAPORE",2015
"73","ARTICLES OF IRON OR STEEL","1185.54","CHINA P RP",2015
"39","PLASTIC AND ARTICLES THEREOF.","1185.0","U S A",2021
"84","NUCLEAR REACTORS, BOILERS, MACHINERY AND MECHANICAL APPLIANCES; PARTS THEREOF.","1184.73","THAILAND",2016
"71","NATURAL OR CULTURED PEARLS,PRECIOUS OR SEMIPRECIOUS STONES,PRE.METALS,CLAD WITH PRE.METAL AND ARTCLS THEREOF;IMIT.JEWLRY;COIN.","1184.7","ISRAEL",2010
"39","PLASTIC AND ARTICLES THEREOF.","1180.59","KOREA RP",2013
"84","NUCLEAR REACTORS, BOILERS, MACHINERY AND MECHANICAL APPLIANCES; PARTS THEREOF.","1180.32","U K",2018
"73","ARTICLES OF IRON OR STEEL","1178.18","CHINA P RP",2010
"90","OPTICAL, PHOTOGRAPHIC CINEMATOGRAPHIC MEASURING, CHECKING PRECISION, MEDICAL OR SURGICAL INST. AND APPARATUS PARTS AND ACCESSORIES THEREOF;","1176.16","U S A",2020
"76","ALUMINIUM AND ARTICLES THEREOF.","1174.62","CHINA P RP",2018
"90","OPTICAL, PHOTOGRAPHIC CINEMATOGRAPHIC MEASURING, CHECKING PRECISION, MEDICAL OR SURGICAL INST. AND APPARATUS PARTS AND ACCESSORIES THEREOF;","1173.14","GERMANY",2017
"72","IRON AND STEEL","1169.67","JAPAN",2017
"29","ORGANIC CHEMICALS","1169.29","SINGAPORE",2019
"38","MISCELLANEOUS CHEMICAL PRODUCTS.","1166.72","U S A",2021
"27","MINERAL FUELS, MINERAL OILS AND PRODUCTS OF THEIR DISTILLATION; BITUMINOUS SUBSTANCES; MINERAL WAXES.","1165.81","CANADA",2018
"87","VEHICLES OTHER THAN RAILWAY OR TRAMWAY ROLLING STOCK, AND PARTS AND ACCESSORIES THEREOF.","1165.34","CHINA P RP",2014
"88","AIRCRAFT, SPACECRAFT, AND PARTS THEREOF.","1161.11","FRANCE",2015
"85","ELECTRICAL MACHINERY AND EQUIPMENT AND PARTS THEREOF; SOUND RECORDERS AND REPRODUCERS, TELEVISION IMAGE AND SOUND RECORDERS AND REPRODUCERS,AND PARTS.","1158.11","TAIWAN",2020
"90","OPTICAL, PHOTOGRAPHIC CINEMATOGRAPHIC MEASURING, CHECKING PRECISION, MEDICAL OR SURGICAL INST. AND APPARATUS PARTS AND ACCESSORIES THEREOF;","1157.04","U S A",2010
"07","EDIBLE VEGETABLES AND CERTAIN ROOTS AND TUBERS.","1155.88","CANADA",2016
"7","EDIBLE VEGETABLES AND CERTAIN ROOTS AND TUBERS.","1155.88","CANADA",2016
"71","NATURAL OR CULTURED PEARLS,PRECIOUS OR SEMIPRECIOUS STONES,PRE.METALS,CLAD WITH PRE.METAL AND ARTCLS THEREOF;IMIT.JEWLRY;COIN.","1155.55","BOLIVIA",2020
"71","NATURAL OR CULTURED PEARLS,PRECIOUS OR SEMIPRECIOUS STONES,PRE.METALS,CLAD WITH PRE.METAL AND ARTCLS THEREOF;IMIT.JEWLRY;COIN.","1151.51","U K",2014
"29","ORGANIC CHEMICALS","1151.38","SINGAPORE",2016
"39","PLASTIC AND ARTICLES THEREOF.","1146.55","KOREA RP",2012
"26","ORES, SLAG AND ASH.","1145.63","AUSTRALIA",2014
"99","MISCELLANEOUS GOODS.","1144.75","HONG KONG",2013
"85","ELECTRICAL MACHINERY AND EQUIPMENT AND PARTS THEREOF; SOUND RECORDERS AND REPRODUCERS, TELEVISION IMAGE AND SOUND RECORDERS AND REPRODUCERS,AND PARTS.","1141.44","JAPAN",2016
"85","ELECTRICAL MACHINERY AND EQUIPMENT AND PARTS THEREOF; SOUND RECORDERS AND REPRODUCERS, TELEVISION IMAGE AND SOUND RECORDERS AND REPRODUCERS,AND PARTS.","1139.47","SINGAPORE",2015
"27","MINERAL FUELS, MINERAL OILS AND PRODUCTS OF THEIR DISTILLATION; BITUMINOUS SUBSTANCES; MINERAL WAXES.","1138.19","TURKEY",2018
"84","NUCLEAR REACTORS, BOILERS, MACHINERY AND MECHANICAL APPLIANCES; PARTS THEREOF.","1136.04","THAILAND",2011
"39","PLASTIC AND ARTICLES THEREOF.","1135.75","SAUDI ARAB",2014
"15","ANIMAL OR VEGETABLE FATS AND OILS AND THEIR CLEAVAGE PRODUCTS; PRE. EDIBLE FATS; ANIMAL OR VEGETABLE WAXEX.","1135.7","UKRAINE",2013
"84","NUCLEAR REACTORS, BOILERS, MACHINERY AND MECHANICAL APPLIANCES; PARTS THEREOF.","1135.02","U K",2019
"39","PLASTIC AND ARTICLES THEREOF.","1133.91","CHINA P RP",2012
"29","ORGANIC CHEMICALS","1133.34","SINGAPORE",2012
"27","MINERAL FUELS, MINERAL OILS AND PRODUCTS OF THEIR DISTILLATION; BITUMINOUS SUBSTANCES; MINERAL WAXES.","1132.82","U S A",2010
"85","ELECTRICAL MACHINERY AND EQUIPMENT AND PARTS THEREOF; SOUND RECORDERS AND REPRODUCERS, TELEVISION IMAGE AND SOUND RECORDERS AND REPRODUCERS,AND PARTS.","1130.59","SINGAPORE",2012
"27","MINERAL FUELS, MINERAL OILS AND PRODUCTS OF THEIR DISTILLATION; BITUMINOUS SUBSTANCES; MINERAL WAXES.","1128.72","AZERBAIJAN",2013
"27","MINERAL FUELS, MINERAL OILS AND PRODUCTS OF THEIR DISTILLATION; BITUMINOUS SUBSTANCES; MINERAL WAXES.","1127.44","CANADA",2019
"85","ELECTRICAL MACHINERY AND EQUIPMENT AND PARTS THEREOF; SOUND RECORDERS AND REPRODUCERS, TELEVISION IMAGE AND SOUND RECORDERS AND REPRODUCERS,AND PARTS.","1126.58","HONG KONG",2016
"89","SHIPS, BOATS AND FLOATING STRUCTURES.","1122.27","CHINA P RP",2014
"72","IRON AND STEEL","1121.33","CHINA P RP",2019
"27","MINERAL FUELS, MINERAL OILS AND PRODUCTS OF THEIR DISTILLATION; BITUMINOUS SUBSTANCES; MINERAL WAXES.","1120.15","TURKEY",2012
"85","ELECTRICAL MACHINERY AND EQUIPMENT AND PARTS THEREOF; SOUND RECORDERS AND REPRODUCERS, TELEVISION IMAGE AND SOUND RECORDERS AND REPRODUCERS,AND PARTS.","1119.56","MALAYSIA",2013
"85","ELECTRICAL MACHINERY AND EQUIPMENT AND PARTS THEREOF; SOUND RECORDERS AND REPRODUCERS, TELEVISION IMAGE AND SOUND RECORDERS AND REPRODUCERS,AND PARTS.","1117.69","TAIWAN",2011
"88","AIRCRAFT, SPACECRAFT, AND PARTS THEREOF.","1117.39","FRANCE",2020
"87","VEHICLES OTHER THAN RAILWAY OR TRAMWAY ROLLING STOCK, AND PARTS AND ACCESSORIES THEREOF.","1117.28","CHINA P RP",2015
"71","NATURAL OR CULTURED PEARLS,PRECIOUS OR SEMIPRECIOUS STONES,PRE.METALS,CLAD WITH PRE.METAL AND ARTCLS THEREOF;IMIT.JEWLRY;COIN.","1114.59","ISRAEL",2016
"85","ELECTRICAL MACHINERY AND EQUIPMENT AND PARTS THEREOF; SOUND RECORDERS AND REPRODUCERS, TELEVISION IMAGE AND SOUND RECORDERS AND REPRODUCERS,AND PARTS.","1112.53","VIETNAM SOC REP",2012
"84","NUCLEAR REACTORS, BOILERS, MACHINERY AND MECHANICAL APPLIANCES; PARTS THEREOF.","1112.42","SINGAPORE",2011
"87","VEHICLES OTHER THAN RAILWAY OR TRAMWAY ROLLING STOCK, AND PARTS AND ACCESSORIES THEREOF.","1111.89","CHINA P RP",2016
"15","ANIMAL OR VEGETABLE FATS AND OILS AND THEIR CLEAVAGE PRODUCTS; PRE. EDIBLE FATS; ANIMAL OR VEGETABLE WAXEX.","1111.27","ARGENTINA",2013
"39","PLASTIC AND ARTICLES THEREOF.","1111.16","U S A",2019
"85","ELECTRICAL MACHINERY AND EQUIPMENT AND PARTS THEREOF; SOUND RECORDERS AND REPRODUCERS, TELEVISION IMAGE AND SOUND RECORDERS AND REPRODUCERS,AND PARTS.","1109.49","SINGAPORE",2016
"84","NUCLEAR REACTORS, BOILERS, MACHINERY AND MECHANICAL APPLIANCES; PARTS THEREOF.","1108.38","SINGAPORE",2016
"85","ELECTRICAL MACHINERY AND EQUIPMENT AND PARTS THEREOF; SOUND RECORDERS AND REPRODUCERS, TELEVISION IMAGE AND SOUND RECORDERS AND REPRODUCERS,AND PARTS.","1104.46","JAPAN",2015
"27","MINERAL FUELS, MINERAL OILS AND PRODUCTS OF THEIR DISTILLATION; BITUMINOUS SUBSTANCES; MINERAL WAXES.","1102.93","BRAZIL",2019
"89","SHIPS, BOATS AND FLOATING STRUCTURES.","1102.62","KOREA RP",2012
"89","SHIPS, BOATS AND FLOATING STRUCTURES.","1099.42","JAPAN",2012
"84","NUCLEAR REACTORS, BOILERS, MACHINERY AND MECHANICAL APPLIANCES; PARTS THEREOF.","1096.45","SINGAPORE",2017
"39","PLASTIC AND ARTICLES THEREOF.","1094.8","TAIWAN",2021
"29","ORGANIC CHEMICALS","1094.03","KOREA RP",2018
"84","NUCLEAR REACTORS, BOILERS, MACHINERY AND MECHANICAL APPLIANCES; PARTS THEREOF.","1093.45","SINGAPORE",2014
"71","NATURAL OR CULTURED PEARLS,PRECIOUS OR SEMIPRECIOUS STONES,PRE.METALS,CLAD WITH PRE.METAL AND ARTCLS THEREOF;IMIT.JEWLRY;COIN.","1090.94","ISRAEL",2014
"39","PLASTIC AND ARTICLES THEREOF.","1088.94","U S A",2018
"29","ORGANIC CHEMICALS","1082.09","SAUDI ARAB",2018
"71","NATURAL OR CULTURED PEARLS,PRECIOUS OR SEMIPRECIOUS STONES,PRE.METALS,CLAD WITH PRE.METAL AND ARTCLS THEREOF;IMIT.JEWLRY;COIN.","1080.91","RUSSIA",2013
"84","NUCLEAR REACTORS, BOILERS, MACHINERY AND MECHANICAL APPLIANCES; PARTS THEREOF.","1079.57","TAIWAN",2021
"74","COPPER AND ARTICLES THEREOF.","1078.24","TANZANIA REP",2021
"27","MINERAL FUELS, MINERAL OILS AND PRODUCTS OF THEIR DISTILLATION; BITUMINOUS SUBSTANCES; MINERAL WAXES.","1076.7","MALAYSIA",2020
"27","MINERAL FUELS, MINERAL OILS AND PRODUCTS OF THEIR DISTILLATION; BITUMINOUS SUBSTANCES; MINERAL WAXES.","1076.47","EGYPT A RP",2010
"07","EDIBLE VEGETABLES AND CERTAIN ROOTS AND TUBERS.","1074.57","CANADA",2014
"7","EDIBLE VEGETABLES AND CERTAIN ROOTS AND TUBERS.","1074.57","CANADA",2014
"39","PLASTIC AND ARTICLES THEREOF.","1073.01","SINGAPORE",2019
"31","FERTILISERS.","1072.13","CHINA P RP",2017
"71","NATURAL OR CULTURED PEARLS,PRECIOUS OR SEMIPRECIOUS STONES,PRE.METALS,CLAD WITH PRE.METAL AND ARTCLS THEREOF;IMIT.JEWLRY;COIN.","1071.0","SINGAPORE",2021
"15","ANIMAL OR VEGETABLE FATS AND OILS AND THEIR CLEAVAGE PRODUCTS; PRE. EDIBLE FATS; ANIMAL OR VEGETABLE WAXEX.","1070.59","BRAZIL",2021
"39","PLASTIC AND ARTICLES THEREOF.","1066.6","U S A",2020
"27","MINERAL FUELS, MINERAL OILS AND PRODUCTS OF THEIR DISTILLATION; BITUMINOUS SUBSTANCES; MINERAL WAXES.","1064.37","SINGAPORE",2020
"85","ELECTRICAL MACHINERY AND EQUIPMENT AND PARTS THEREOF; SOUND RECORDERS AND REPRODUCERS, TELEVISION IMAGE AND SOUND RECORDERS AND REPRODUCERS,AND PARTS.","1062.01","JAPAN",2010
"72","IRON AND STEEL","1059.32","JAPAN",2019
"88","AIRCRAFT, SPACECRAFT, AND PARTS THEREOF.","1058.03","FRANCE",2010
"85","ELECTRICAL MACHINERY AND EQUIPMENT AND PARTS THEREOF; SOUND RECORDERS AND REPRODUCERS, TELEVISION IMAGE AND SOUND RECORDERS AND REPRODUCERS,AND PARTS.","1057.92","JAPAN",2013
"39","PLASTIC AND ARTICLES THEREOF.","1057.69","CHINA P RP",2011
"84","NUCLEAR REACTORS, BOILERS, MACHINERY AND MECHANICAL APPLIANCES; PARTS THEREOF.","1055.79","THAILAND",2020
"29","ORGANIC CHEMICALS","1055.32","KOREA RP",2012
"85","ELECTRICAL MACHINERY AND EQUIPMENT AND PARTS THEREOF; SOUND RECORDERS AND REPRODUCERS, TELEVISION IMAGE AND SOUND RECORDERS AND REPRODUCERS,AND PARTS.","1054.7","SINGAPORE",2010
"71","NATURAL OR CULTURED PEARLS,PRECIOUS OR SEMIPRECIOUS STONES,PRE.METALS,CLAD WITH PRE.METAL AND ARTCLS THEREOF;IMIT.JEWLRY;COIN.","1054.07","GHANA",2021
"29","ORGANIC CHEMICALS","1052.22","KOREA RP",2017
"90","OPTICAL, PHOTOGRAPHIC CINEMATOGRAPHIC MEASURING, CHECKING PRECISION, MEDICAL OR SURGICAL INST. AND APPARATUS PARTS AND ACCESSORIES THEREOF;","1051.37","GERMANY",2016
"28","INORGANIC CHEMICALS; ORGANIC OR INORGANIC COMPOUNDS OF PRECIOUS METALS, OF RARE-EARTH METALS, OR RADI. ELEM. OR OF ISOTOPES.","1050.23","CHINA P RP",2018
"72","IRON AND STEEL","1049.42","JAPAN",2010
"27","MINERAL FUELS, MINERAL OILS AND PRODUCTS OF THEIR DISTILLATION; BITUMINOUS SUBSTANCES; MINERAL WAXES.","1048.02","EGYPT A RP",2020
"71","NATURAL OR CULTURED PEARLS,PRECIOUS OR SEMIPRECIOUS STONES,PRE.METALS,CLAD WITH PRE.METAL AND ARTCLS THEREOF;IMIT.JEWLRY;COIN.","1047.8","GHANA",2014
"27","MINERAL FUELS, MINERAL OILS AND PRODUCTS OF THEIR DISTILLATION; BITUMINOUS SUBSTANCES; MINERAL WAXES.","1047.32","CHINA P RP",2018
"85","ELECTRICAL MACHINERY AND EQUIPMENT AND PARTS THEREOF; SOUND RECORDERS AND REPRODUCERS, TELEVISION IMAGE AND SOUND RECORDERS AND REPRODUCERS,AND PARTS.","1047.21","JAPAN",2020
"90","OPTICAL, PHOTOGRAPHIC CINEMATOGRAPHIC MEASURING, CHECKING PRECISION, MEDICAL OR SURGICAL INST. AND APPARATUS PARTS AND ACCESSORIES THEREOF;","1045.92","GERMANY",2020
"71","NATURAL OR CULTURED PEARLS,PRECIOUS OR SEMIPRECIOUS STONES,PRE.METALS,CLAD WITH PRE.METAL AND ARTCLS THEREOF;IMIT.JEWLRY;COIN.","1045.84","ISRAEL",2015
"31","FERTILISERS.","1044.66","SAUDI ARAB",2018
"84","NUCLEAR REACTORS, BOILERS, MACHINERY AND MECHANICAL APPLIANCES; PARTS THEREOF.","1043.84","U K",2021
"90","OPTICAL, PHOTOGRAPHIC CINEMATOGRAPHIC MEASURING, CHECKING PRECISION, MEDICAL OR SURGICAL INST. AND APPARATUS PARTS AND ACCESSORIES THEREOF;","1043.6","CHINA P RP",2013
"89","SHIPS, BOATS AND FLOATING STRUCTURES.","1042.2","SINGAPORE",2021
"31","FERTILISERS.","1038.58","OMAN",2021
"71","NATURAL OR CULTURED PEARLS,PRECIOUS OR SEMIPRECIOUS STONES,PRE.METALS,CLAD WITH PRE.METAL AND ARTCLS THEREOF;IMIT.JEWLRY;COIN.","1037.25","AUSTRALIA",2013
"87","VEHICLES OTHER THAN RAILWAY OR TRAMWAY ROLLING STOCK, AND PARTS AND ACCESSORIES THEREOF.","1034.15","GERMANY",2018
"15","ANIMAL OR VEGETABLE FATS AND OILS AND THEIR CLEAVAGE PRODUCTS; PRE. EDIBLE FATS; ANIMAL OR VEGETABLE WAXEX.","1031.68","ARGENTINA",2012
"84","NUCLEAR REACTORS, BOILERS, MACHINERY AND MECHANICAL APPLIANCES; PARTS THEREOF.","1026.59","SINGAPORE",2010
"85","ELECTRICAL MACHINERY AND EQUIPMENT AND PARTS THEREOF; SOUND RECORDERS AND REPRODUCERS, TELEVISION IMAGE AND SOUND RECORDERS AND REPRODUCERS,AND PARTS.","1024.34","VIETNAM SOC REP",2016
"85","ELECTRICAL MACHINERY AND EQUIPMENT AND PARTS THEREOF; SOUND RECORDERS AND REPRODUCERS, TELEVISION IMAGE AND SOUND RECORDERS AND REPRODUCERS,AND PARTS.","1024","FINLAND",2010
"76","ALUMINIUM AND ARTICLES THEREOF.","1023.49","CHINA P RP",2021
"89","SHIPS, BOATS AND FLOATING STRUCTURES.","1023.46","SINGAPORE",2018
"31","FERTILISERS.","1015.95","MOROCCO",2021
"17","SUGARS AND SUGAR CONFECTIONERY.","1015.64","BRAZIL",2016
"47","PULP OF WOOD OR OF OTHER FIBROUS CELLULOSIC MATERIAL; WASTE AND SCRAP OF PAPER OR PAPERBOARD.","1015.46","U S A",2021
"27","MINERAL FUELS, MINERAL OILS AND PRODUCTS OF THEIR DISTILLATION; BITUMINOUS SUBSTANCES; MINERAL WAXES.","1014.14","EGYPT A RP",2018
"28","INORGANIC CHEMICALS; ORGANIC OR INORGANIC COMPOUNDS OF PRECIOUS METALS, OF RARE-EARTH METALS, OR RADI. ELEM. OR OF ISOTOPES.","1014.0","JAPAN",2020
"84","NUCLEAR REACTORS, BOILERS, MACHINERY AND MECHANICAL APPLIANCES; PARTS THEREOF.","1013.69","MALAYSIA",2011
"27","MINERAL FUELS, MINERAL OILS AND PRODUCTS OF THEIR DISTILLATION; BITUMINOUS SUBSTANCES; MINERAL WAXES.","1013.52","IRAN",2019
"90","OPTICAL, PHOTOGRAPHIC CINEMATOGRAPHIC MEASURING, CHECKING PRECISION, MEDICAL OR SURGICAL INST. AND APPARATUS PARTS AND ACCESSORIES THEREOF;","1011.71","GERMANY",2013
"72","IRON AND STEEL","1011.55","JAPAN",2021
"27","MINERAL FUELS, MINERAL OILS AND PRODUCTS OF THEIR DISTILLATION; BITUMINOUS SUBSTANCES; MINERAL WAXES.","1011.06","MOZAMBIQUE",2021
"29","ORGANIC CHEMICALS","1009.23","SAUDI ARAB",2010
"90","OPTICAL, PHOTOGRAPHIC CINEMATOGRAPHIC MEASURING, CHECKING PRECISION, MEDICAL OR SURGICAL INST. AND APPARATUS PARTS AND ACCESSORIES THEREOF;","1008.2","GERMANY",2011
"85","ELECTRICAL MACHINERY AND EQUIPMENT AND PARTS THEREOF; SOUND RECORDERS AND REPRODUCERS, TELEVISION IMAGE AND SOUND RECORDERS AND REPRODUCERS,AND PARTS.","1007.18","HONG KONG",2015
"26","ORES, SLAG AND ASH.","1004.76","INDONESIA",2011
"27","MINERAL FUELS, MINERAL OILS AND PRODUCTS OF THEIR DISTILLATION; BITUMINOUS SUBSTANCES; MINERAL WAXES.","1004.44","CHINA P RP",2017
"26","ORES, SLAG AND ASH.","1003.59","CHILE",2021
"87","VEHICLES OTHER THAN RAILWAY OR TRAMWAY ROLLING STOCK, AND PARTS AND ACCESSORIES THEREOF.","1002.89","GERMANY",2011
"98","PROJECT GOODS; SOME SPECIAL USES.","1001.85","CHINA P RP",2015
"39","PLASTIC AND ARTICLES THEREOF.","1000.9","U S A",2011
"39","PLASTIC AND ARTICLES THEREOF.","1000.61","SAUDI ARAB",2017
"90","OPTICAL, PHOTOGRAPHIC CINEMATOGRAPHIC MEASURING, CHECKING PRECISION, MEDICAL OR SURGICAL INST. AND APPARATUS PARTS AND ACCESSORIES THEREOF;","999.66","CHINA P RP",2012
"84","NUCLEAR REACTORS, BOILERS, MACHINERY AND MECHANICAL APPLIANCES; PARTS THEREOF.","998.27","THAILAND",2010
"84","NUCLEAR REACTORS, BOILERS, MACHINERY AND MECHANICAL APPLIANCES; PARTS THEREOF.","996.71","TAIWAN",2018
"71","NATURAL OR CULTURED PEARLS,PRECIOUS OR SEMIPRECIOUS STONES,PRE.METALS,CLAD WITH PRE.METAL AND ARTCLS THEREOF;IMIT.JEWLRY;COIN.","996.69","TURKEY",2017
"15","ANIMAL OR VEGETABLE FATS AND OILS AND THEIR CLEAVAGE PRODUCTS; PRE. EDIBLE FATS; ANIMAL OR VEGETABLE WAXEX.","996.32","ARGENTINA",2011
"71","NATURAL OR CULTURED PEARLS,PRECIOUS OR SEMIPRECIOUS STONES,PRE.METALS,CLAD WITH PRE.METAL AND ARTCLS THEREOF;IMIT.JEWLRY;COIN.","995.46","ISRAEL",2017
"87","VEHICLES OTHER THAN RAILWAY OR TRAMWAY ROLLING STOCK, AND PARTS AND ACCESSORIES THEREOF.","993.33","CHINA P RP",2013
"87","VEHICLES OTHER THAN RAILWAY OR TRAMWAY ROLLING STOCK, AND PARTS AND ACCESSORIES THEREOF.","993.32","CHINA P RP",2011
"29","ORGANIC CHEMICALS","991.48","SINGAPORE",2011
"74","COPPER AND ARTICLES THEREOF.","991.44","JAPAN",2020
"39","PLASTIC AND ARTICLES THEREOF.","988.65","U S A",2017
"29","ORGANIC CHEMICALS","988.58","TAIWAN",2021
"94","FURNITURE; BEDDING, MATTRESSES, MATTRESS SUPPORTS, CUSHIONS AND SIMILAR STUFFED FURNISHING; LAMPS AND LIGHTING FITTINGS NOT ELSEWHERE SPECIFIED OR INC","987.58","CHINA P RP",2018
"85","ELECTRICAL MACHINERY AND EQUIPMENT AND PARTS THEREOF; SOUND RECORDERS AND REPRODUCERS, TELEVISION IMAGE AND SOUND RECORDERS AND REPRODUCERS,AND PARTS.","986.23","MALAYSIA",2018
"90","OPTICAL, PHOTOGRAPHIC CINEMATOGRAPHIC MEASURING, CHECKING PRECISION, MEDICAL OR SURGICAL INST. AND APPARATUS PARTS AND ACCESSORIES THEREOF;","985.77","GERMANY",2012
"84","NUCLEAR REACTORS, BOILERS, MACHINERY AND MECHANICAL APPLIANCES; PARTS THEREOF.","984.54","SINGAPORE",2013
"39","PLASTIC AND ARTICLES THEREOF.","984.49","U ARAB EMTS",2018
"85","ELECTRICAL MACHINERY AND EQUIPMENT AND PARTS THEREOF; SOUND RECORDERS AND REPRODUCERS, TELEVISION IMAGE AND SOUND RECORDERS AND REPRODUCERS,AND PARTS.","981.86","THAILAND",2017
"90","OPTICAL, PHOTOGRAPHIC CINEMATOGRAPHIC MEASURING, CHECKING PRECISION, MEDICAL OR SURGICAL INST. AND APPARATUS PARTS AND ACCESSORIES THEREOF;","981.48","SINGAPORE",2021
"84","NUCLEAR REACTORS, BOILERS, MACHINERY AND MECHANICAL APPLIANCES; PARTS THEREOF.","980.55","SINGAPORE",2012
"90","OPTICAL, PHOTOGRAPHIC CINEMATOGRAPHIC MEASURING, CHECKING PRECISION, MEDICAL OR SURGICAL INST. AND APPARATUS PARTS AND ACCESSORIES THEREOF;","977.3","GERMANY",2015
"72","IRON AND STEEL","976.26","CHINA P RP",2013
"39","PLASTIC AND ARTICLES THEREOF.","975.74","THAILAND",2017
"89","SHIPS, BOATS AND FLOATING STRUCTURES.","975.72","SINGAPORE",2012
"87","VEHICLES OTHER THAN RAILWAY OR TRAMWAY ROLLING STOCK, AND PARTS AND ACCESSORIES THEREOF.","975.58","KOREA RP",2019
"26","ORES, SLAG AND ASH.","975.34","CHILE",2016
"71","NATURAL OR CULTURED PEARLS,PRECIOUS OR SEMIPRECIOUS STONES,PRE.METALS,CLAD WITH PRE.METAL AND ARTCLS THEREOF;IMIT.JEWLRY;COIN.","974.29","BOTSWANA",2018
"76","ALUMINIUM AND ARTICLES THEREOF.","974.27","U S A",2021
"85","ELECTRICAL MACHINERY AND EQUIPMENT AND PARTS THEREOF; SOUND RECORDERS AND REPRODUCERS, TELEVISION IMAGE AND SOUND RECORDERS AND REPRODUCERS,AND PARTS.","970.49","SINGAPORE",2013
"87","VEHICLES OTHER THAN RAILWAY OR TRAMWAY ROLLING STOCK, AND PARTS AND ACCESSORIES THEREOF.","969.19","CHINA P RP",2012
"90","OPTICAL, PHOTOGRAPHIC CINEMATOGRAPHIC MEASURING, CHECKING PRECISION, MEDICAL OR SURGICAL INST. AND APPARATUS PARTS AND ACCESSORIES THEREOF;","965.67","GERMANY",2014
"27","MINERAL FUELS, MINERAL OILS AND PRODUCTS OF THEIR DISTILLATION; BITUMINOUS SUBSTANCES; MINERAL WAXES.","964.08","EQUTL GUINEA",2019
"54","MAN-MADE FILAMENTS.","962.96","CHINA P RP",2021
"27","MINERAL FUELS, MINERAL OILS AND PRODUCTS OF THEIR DISTILLATION; BITUMINOUS SUBSTANCES; MINERAL WAXES.","962.33","ECUADOR",2014
"29","ORGANIC CHEMICALS","961.45","SINGAPORE",2020
"27","MINERAL FUELS, MINERAL OILS AND PRODUCTS OF THEIR DISTILLATION; BITUMINOUS SUBSTANCES; MINERAL WAXES.","961","LIBYA",2010
"85","ELECTRICAL MACHINERY AND EQUIPMENT AND PARTS THEREOF; SOUND RECORDERS AND REPRODUCERS, TELEVISION IMAGE AND SOUND RECORDERS AND REPRODUCERS,AND PARTS.","959.92","JAPAN",2014
"38","MISCELLANEOUS CHEMICAL PRODUCTS.","959.66","U S A",2018
"15","ANIMAL OR VEGETABLE FATS AND OILS AND THEIR CLEAVAGE PRODUCTS; PRE. EDIBLE FATS; ANIMAL OR VEGETABLE WAXEX.","958.58","UKRAINE",2011
"76","ALUMINIUM AND ARTICLES THEREOF.","957.33","CHINA P RP",2019
"28","INORGANIC CHEMICALS; ORGANIC OR INORGANIC COMPOUNDS OF PRECIOUS METALS, OF RARE-EARTH METALS, OR RADI. ELEM. OR OF ISOTOPES.","955.94","CHINA P RP",2021
"27","MINERAL FUELS, MINERAL OILS AND PRODUCTS OF THEIR DISTILLATION; BITUMINOUS SUBSTANCES; MINERAL WAXES.","955.26","YEMEN REPUBLC",2011
"71","NATURAL OR CULTURED PEARLS,PRECIOUS OR SEMIPRECIOUS STONES,PRE.METALS,CLAD WITH PRE.METAL AND ARTCLS THEREOF;IMIT.JEWLRY;COIN.","953.18","RUSSIA",2020
"71","NATURAL OR CULTURED PEARLS,PRECIOUS OR SEMIPRECIOUS STONES,PRE.METALS,CLAD WITH PRE.METAL AND ARTCLS THEREOF;IMIT.JEWLRY;COIN.","950.76","CHINA P RP",2013
"39","PLASTIC AND ARTICLES THEREOF.","949.1","THAILAND",2018
"38","MISCELLANEOUS CHEMICAL PRODUCTS.","947.3","CHINA P RP",2016
"39","PLASTIC AND ARTICLES THEREOF.","946.84","KOREA RP",2011
"29","ORGANIC CHEMICALS","946.73","U S A",2012
"39","PLASTIC AND ARTICLES THEREOF.","945.97","U S A",2016
"89","SHIPS, BOATS AND FLOATING STRUCTURES.","944.09","JAPAN",2014
"27","MINERAL FUELS, MINERAL OILS AND PRODUCTS OF THEIR DISTILLATION; BITUMINOUS SUBSTANCES; MINERAL WAXES.","943.5","COLOMBIA",2020
"29","ORGANIC CHEMICALS","942.68","KOREA RP",2014
"27","MINERAL FUELS, MINERAL OILS AND PRODUCTS OF THEIR DISTILLATION; BITUMINOUS SUBSTANCES; MINERAL WAXES.","942","YEMEN REPUBLC",2012
"89","SHIPS, BOATS AND FLOATING STRUCTURES.","941.72","CHINA P RP",2013
"90","OPTICAL, PHOTOGRAPHIC CINEMATOGRAPHIC MEASURING, CHECKING PRECISION, MEDICAL OR SURGICAL INST. AND APPARATUS PARTS AND ACCESSORIES THEREOF;","941.53","CHINA P RP",2011
"39","PLASTIC AND ARTICLES THEREOF.","941.18","JAPAN",2020
"29","ORGANIC CHEMICALS","940.53","JAPAN",2018
"39","PLASTIC AND ARTICLES THEREOF.","938.08","JAPAN",2019
"28","INORGANIC CHEMICALS; ORGANIC OR INORGANIC COMPOUNDS OF PRECIOUS METALS, OF RARE-EARTH METALS, OR RADI. ELEM. OR OF ISOTOPES.","937.91","MOROCCO",2011
"71","NATURAL OR CULTURED PEARLS,PRECIOUS OR SEMIPRECIOUS STONES,PRE.METALS,CLAD WITH PRE.METAL AND ARTCLS THEREOF;IMIT.JEWLRY;COIN.","935.42","CHINA P RP",2011
"27","MINERAL FUELS, MINERAL OILS AND PRODUCTS OF THEIR DISTILLATION; BITUMINOUS SUBSTANCES; MINERAL WAXES.","935.15","KOREA RP",2018
"27","MINERAL FUELS, MINERAL OILS AND PRODUCTS OF THEIR DISTILLATION; BITUMINOUS SUBSTANCES; MINERAL WAXES.","933.26","BRAZIL",2020
"27","MINERAL FUELS, MINERAL OILS AND PRODUCTS OF THEIR DISTILLATION; BITUMINOUS SUBSTANCES; MINERAL WAXES.","932.44","SINGAPORE",2012
"32","TANNING OR DYEING EXTRACTS; TANNINS AND THEIR DERI. DYES, PIGMENTS AND OTHER COLOURING MATTER; PAINTS AND VER; PUTTY AND OTHER MASTICS; INKS.","932.35","CHINA P RP",2021
"25","SALT; SULPHUR; EARTHS AND STONE; PLASTERING MATERIALS, LIME AND CEMENT.","931.84","JORDAN",2011
"89","SHIPS, BOATS AND FLOATING STRUCTURES.","931.7","INDONESIA",2019
"72","IRON AND STEEL","930.55","JAPAN",2016
"71","NATURAL OR CULTURED PEARLS,PRECIOUS OR SEMIPRECIOUS STONES,PRE.METALS,CLAD WITH PRE.METAL AND ARTCLS THEREOF;IMIT.JEWLRY;COIN.","929.28","AUSTRALIA",2021
"29","ORGANIC CHEMICALS","929.22","THAILAND",2021
"31","FERTILISERS.","927.25","SAUDI ARAB",2019
"71","NATURAL OR CULTURED PEARLS,PRECIOUS OR SEMIPRECIOUS STONES,PRE.METALS,CLAD WITH PRE.METAL AND ARTCLS THEREOF;IMIT.JEWLRY;COIN.","926.15","BOTSWANA",2014
"07","EDIBLE VEGETABLES AND CERTAIN ROOTS AND TUBERS.","924.14","AUSTRALIA",2017
"7","EDIBLE VEGETABLES AND CERTAIN ROOTS AND TUBERS.","924.14","AUSTRALIA",2017
"71","NATURAL OR CULTURED PEARLS,PRECIOUS OR SEMIPRECIOUS STONES,PRE.METALS,CLAD WITH PRE.METAL AND ARTCLS THEREOF;IMIT.JEWLRY;COIN.","923.42","U K",2017
"27","MINERAL FUELS, MINERAL OILS AND PRODUCTS OF THEIR DISTILLATION; BITUMINOUS SUBSTANCES; MINERAL WAXES.","922.96","KOREA RP",2017
"07","EDIBLE VEGETABLES AND CERTAIN ROOTS AND TUBERS.","921.74","AUSTRALIA",2016
"7","EDIBLE VEGETABLES AND CERTAIN ROOTS AND TUBERS.","921.74","AUSTRALIA",2016
"84","NUCLEAR REACTORS, BOILERS, MACHINERY AND MECHANICAL APPLIANCES; PARTS THEREOF.","920.92","MALAYSIA",2021
"17","SUGARS AND SUGAR CONFECTIONERY.","919.73","BRAZIL",2017
"71","NATURAL OR CULTURED PEARLS,PRECIOUS OR SEMIPRECIOUS STONES,PRE.METALS,CLAD WITH PRE.METAL AND ARTCLS THEREOF;IMIT.JEWLRY;COIN.","918.23","AUSTRALIA",2015
"27","MINERAL FUELS, MINERAL OILS AND PRODUCTS OF THEIR DISTILLATION; BITUMINOUS SUBSTANCES; MINERAL WAXES.","914.8","UNSPECIFIED",2010
"85","ELECTRICAL MACHINERY AND EQUIPMENT AND PARTS THEREOF; SOUND RECORDERS AND REPRODUCERS, TELEVISION IMAGE AND SOUND RECORDERS AND REPRODUCERS,AND PARTS.","914.15","MALAYSIA",2021
"85","ELECTRICAL MACHINERY AND EQUIPMENT AND PARTS THEREOF; SOUND RECORDERS AND REPRODUCERS, TELEVISION IMAGE AND SOUND RECORDERS AND REPRODUCERS,AND PARTS.","914.13","TAIWAN",2018
"27","MINERAL FUELS, MINERAL OILS AND PRODUCTS OF THEIR DISTILLATION; BITUMINOUS SUBSTANCES; MINERAL WAXES.","912.89","CHINA P RP",2021
"39","PLASTIC AND ARTICLES THEREOF.","912.01","SINGAPORE",2017
"85","ELECTRICAL MACHINERY AND EQUIPMENT AND PARTS THEREOF; SOUND RECORDERS AND REPRODUCERS, TELEVISION IMAGE AND SOUND RECORDERS AND REPRODUCERS,AND PARTS.","907.26","SINGAPORE",2014
"94","FURNITURE; BEDDING, MATTRESSES, MATTRESS SUPPORTS, CUSHIONS AND SIMILAR STUFFED FURNISHING; LAMPS AND LIGHTING FITTINGS NOT ELSEWHERE SPECIFIED OR INC","907.2","CHINA P RP",2015
"85","ELECTRICAL MACHINERY AND EQUIPMENT AND PARTS THEREOF; SOUND RECORDERS AND REPRODUCERS, TELEVISION IMAGE AND SOUND RECORDERS AND REPRODUCERS,AND PARTS.","906.22","THAILAND",2018
"39","PLASTIC AND ARTICLES THEREOF.","903.46","SAUDI ARAB",2021
"71","NATURAL OR CULTURED PEARLS,PRECIOUS OR SEMIPRECIOUS STONES,PRE.METALS,CLAD WITH PRE.METAL AND ARTCLS THEREOF;IMIT.JEWLRY;COIN.","903.0","CANADA",2016
"31","FERTILISERS.","901.76","U S A",2010
"89","SHIPS, BOATS AND FLOATING STRUCTURES.","901.57","U ARAB EMTS",2021
"08","EDIBLE FRUIT AND NUTS; PEEL OR CITRUS FRUIT OR MELONS.","900.85","U S A",2020
"94","FURNITURE; BEDDING, MATTRESSES, MATTRESS SUPPORTS, CUSHIONS AND SIMILAR STUFFED FURNISHING; LAMPS AND LIGHTING FITTINGS NOT ELSEWHERE SPECIFIED OR INC","899.44","CHINA P RP",2019
"71","NATURAL OR CULTURED PEARLS,PRECIOUS OR SEMIPRECIOUS STONES,PRE.METALS,CLAD WITH PRE.METAL AND ARTCLS THEREOF;IMIT.JEWLRY;COIN.","899.41","ISRAEL",2018
"29","ORGANIC CHEMICALS","898.93","SINGAPORE",2010
"38","MISCELLANEOUS CHEMICAL PRODUCTS.","897.33","U S A",2012
"38","MISCELLANEOUS CHEMICAL PRODUCTS.","895.89","U S A",2019
"27","MINERAL FUELS, MINERAL OILS AND PRODUCTS OF THEIR DISTILLATION; BITUMINOUS SUBSTANCES; MINERAL WAXES.","895.84","RUSSIA",2016
"72","IRON AND STEEL","895.38","CHINA P RP",2020
"71","NATURAL OR CULTURED PEARLS,PRECIOUS OR SEMIPRECIOUS STONES,PRE.METALS,CLAD WITH PRE.METAL AND ARTCLS THEREOF;IMIT.JEWLRY;COIN.","894.55","GHANA",2020
"39","PLASTIC AND ARTICLES THEREOF.","892.75","SINGAPORE",2020
"15","ANIMAL OR VEGETABLE FATS AND OILS AND THEIR CLEAVAGE PRODUCTS; PRE. EDIBLE FATS; ANIMAL OR VEGETABLE WAXEX.","891.96","NEPAL",2021
"39","PLASTIC AND ARTICLES THEREOF.","891.82","JAPAN",2018
"15","ANIMAL OR VEGETABLE FATS AND OILS AND THEIR CLEAVAGE PRODUCTS; PRE. EDIBLE FATS; ANIMAL OR VEGETABLE WAXEX.","890.47","ARGENTINA",2010
"84","NUCLEAR REACTORS, BOILERS, MACHINERY AND MECHANICAL APPLIANCES; PARTS THEREOF.","890.14","TAIWAN",2019
"89","SHIPS, BOATS AND FLOATING STRUCTURES.","889.71","SINGAPORE",2019
"27","MINERAL FUELS, MINERAL OILS AND PRODUCTS OF THEIR DISTILLATION; BITUMINOUS SUBSTANCES; MINERAL WAXES.","888.86","EGYPT A RP",2017
"94","FURNITURE; BEDDING, MATTRESSES, MATTRESS SUPPORTS, CUSHIONS AND SIMILAR STUFFED FURNISHING; LAMPS AND LIGHTING FITTINGS NOT ELSEWHERE SPECIFIED OR INC","888.84","CHINA P RP",2016
"74","COPPER AND ARTICLES THEREOF.","888.31","ZAMBIA",2017
"38","MISCELLANEOUS CHEMICAL PRODUCTS.","885.56","U S A",2011
"85","ELECTRICAL MACHINERY AND EQUIPMENT AND PARTS THEREOF; SOUND RECORDERS AND REPRODUCERS, TELEVISION IMAGE AND SOUND RECORDERS AND REPRODUCERS,AND PARTS.","884.26","MALAYSIA",2010
"39","PLASTIC AND ARTICLES THEREOF.","882.72","U S A",2012
"27","MINERAL FUELS, MINERAL OILS AND PRODUCTS OF THEIR DISTILLATION; BITUMINOUS SUBSTANCES; MINERAL WAXES.","881.63","KOREA RP",2014
"26","ORES, SLAG AND ASH.","880.53","AUSTRALIA",2021
"39","PLASTIC AND ARTICLES THEREOF.","880.21","SAUDI ARAB",2016
"29","ORGANIC CHEMICALS","879.88","MALAYSIA",2021
"08","EDIBLE FRUIT AND NUTS; PEEL OR CITRUS FRUIT OR MELONS.","879.49","U S A",2019
"87","VEHICLES OTHER THAN RAILWAY OR TRAMWAY ROLLING STOCK, AND PARTS AND ACCESSORIES THEREOF.","879.44","GERMANY",2017
"90","OPTICAL, PHOTOGRAPHIC CINEMATOGRAPHIC MEASURING, CHECKING PRECISION, MEDICAL OR SURGICAL INST. AND APPARATUS PARTS AND ACCESSORIES THEREOF;","879.02","SINGAPORE",2019
"38","MISCELLANEOUS CHEMICAL PRODUCTS.","878.32","U S A",2020
"88","AIRCRAFT, SPACECRAFT, AND PARTS THEREOF.","878.03","FRANCE",2013
"27","MINERAL FUELS, MINERAL OILS AND PRODUCTS OF THEIR DISTILLATION; BITUMINOUS SUBSTANCES; MINERAL WAXES.","876.36","EGYPT A RP",2015
"27","MINERAL FUELS, MINERAL OILS AND PRODUCTS OF THEIR DISTILLATION; BITUMINOUS SUBSTANCES; MINERAL WAXES.","875.12","EQUTL GUINEA",2021
"8","EDIBLE FRUIT AND NUTS; PEEL OR CITRUS FRUIT OR MELONS.","872.28","U S A",2017
"08","EDIBLE FRUIT AND NUTS; PEEL OR CITRUS FRUIT OR MELONS.","872.28","U S A",2017
"87","VEHICLES OTHER THAN RAILWAY OR TRAMWAY ROLLING STOCK, AND PARTS AND ACCESSORIES THEREOF.","869.83","GERMANY",2015
"38","MISCELLANEOUS CHEMICAL PRODUCTS.","868.9","U S A",2017
