"HSCode","Commodity","value","country","year"
"71","NATURAL OR CULTURED PEARLS,PRECIOUS OR SEMIPRECIOUS STONES,PRE.METALS,CLAD WITH PRE.METAL AND ARTCLS THEREOF;IMIT.JEWLRY;COIN.","19805.17","U ARAB EMTS",2010
"71","NATURAL OR CULTURED PEARLS,PRECIOUS OR SEMIPRECIOUS STONES,PRE.METALS,CLAD WITH PRE.METAL AND ARTCLS THEREOF;IMIT.JEWLRY;COIN.","18890.69","U ARAB EMTS",2012
"71","NATURAL OR CULTURED PEARLS,PRECIOUS OR SEMIPRECIOUS STONES,PRE.METALS,CLAD WITH PRE.METAL AND ARTCLS THEREOF;IMIT.JEWLRY;COIN.","18392.75","U ARAB EMTS",2011
"71","NATURAL OR CULTURED PEARLS,PRECIOUS OR SEMIPRECIOUS STONES,PRE.METALS,CLAD WITH PRE.METAL AND ARTCLS THEREOF;IMIT.JEWLRY;COIN.","14667.48","U S A",2021
"71","NATURAL OR CULTURED PEARLS,PRECIOUS OR SEMIPRECIOUS STONES,PRE.METALS,CLAD WITH PRE.METAL AND ARTCLS THEREOF;IMIT.JEWLRY;COIN.","13884.06","U ARAB EMTS",2016
"71","NATURAL OR CULTURED PEARLS,PRECIOUS OR SEMIPRECIOUS STONES,PRE.METALS,CLAD WITH PRE.METAL AND ARTCLS THEREOF;IMIT.JEWLRY;COIN.","13124.06","HONG KONG",2017
"71","NATURAL OR CULTURED PEARLS,PRECIOUS OR SEMIPRECIOUS STONES,PRE.METALS,CLAD WITH PRE.METAL AND ARTCLS THEREOF;IMIT.JEWLRY;COIN.","12934.57","U ARAB EMTS",2015
"71","NATURAL OR CULTURED PEARLS,PRECIOUS OR SEMIPRECIOUS STONES,PRE.METALS,CLAD WITH PRE.METAL AND ARTCLS THEREOF;IMIT.JEWLRY;COIN.","12835.84","HONG KONG",2016
"71","NATURAL OR CULTURED PEARLS,PRECIOUS OR SEMIPRECIOUS STONES,PRE.METALS,CLAD WITH PRE.METAL AND ARTCLS THEREOF;IMIT.JEWLRY;COIN.","12778.8","U ARAB EMTS",2013
"71","NATURAL OR CULTURED PEARLS,PRECIOUS OR SEMIPRECIOUS STONES,PRE.METALS,CLAD WITH PRE.METAL AND ARTCLS THEREOF;IMIT.JEWLRY;COIN.","12280.37","U ARAB EMTS",2014
"71","NATURAL OR CULTURED PEARLS,PRECIOUS OR SEMIPRECIOUS STONES,PRE.METALS,CLAD WITH PRE.METAL AND ARTCLS THEREOF;IMIT.JEWLRY;COIN.","12206.19","HONG KONG",2014
"71","NATURAL OR CULTURED PEARLS,PRECIOUS OR SEMIPRECIOUS STONES,PRE.METALS,CLAD WITH PRE.METAL AND ARTCLS THEREOF;IMIT.JEWLRY;COIN.","11398.19","HONG KONG",2011
"99","MISCELLANEOUS GOODS.","11270.54","UNSPECIFIED",2011
"71","NATURAL OR CULTURED PEARLS,PRECIOUS OR SEMIPRECIOUS STONES,PRE.METALS,CLAD WITH PRE.METAL AND ARTCLS THEREOF;IMIT.JEWLRY;COIN.","11141.56","HONG KONG",2013
"71","NATURAL OR CULTURED PEARLS,PRECIOUS OR SEMIPRECIOUS STONES,PRE.METALS,CLAD WITH PRE.METAL AND ARTCLS THEREOF;IMIT.JEWLRY;COIN.","11140.21","HONG KONG",2018
"71","NATURAL OR CULTURED PEARLS,PRECIOUS OR SEMIPRECIOUS STONES,PRE.METALS,CLAD WITH PRE.METAL AND ARTCLS THEREOF;IMIT.JEWLRY;COIN.","10890.09","HONG KONG",2015
"71","NATURAL OR CULTURED PEARLS,PRECIOUS OR SEMIPRECIOUS STONES,PRE.METALS,CLAD WITH PRE.METAL AND ARTCLS THEREOF;IMIT.JEWLRY;COIN.","10832.28","U ARAB EMTS",2017
"71","NATURAL OR CULTURED PEARLS,PRECIOUS OR SEMIPRECIOUS STONES,PRE.METALS,CLAD WITH PRE.METAL AND ARTCLS THEREOF;IMIT.JEWLRY;COIN.","10632.37","HONG KONG",2012
"71","NATURAL OR CULTURED PEARLS,PRECIOUS OR SEMIPRECIOUS STONES,PRE.METALS,CLAD WITH PRE.METAL AND ARTCLS THEREOF;IMIT.JEWLRY;COIN.","10442.27","U S A",2018
"71","NATURAL OR CULTURED PEARLS,PRECIOUS OR SEMIPRECIOUS STONES,PRE.METALS,CLAD WITH PRE.METAL AND ARTCLS THEREOF;IMIT.JEWLRY;COIN.","10418.15","U ARAB EMTS",2018
"99","MISCELLANEOUS GOODS.","10174.08","UNSPECIFIED",2010
"71","NATURAL OR CULTURED PEARLS,PRECIOUS OR SEMIPRECIOUS STONES,PRE.METALS,CLAD WITH PRE.METAL AND ARTCLS THEREOF;IMIT.JEWLRY;COIN.","10058.76","U S A",2017
"71","NATURAL OR CULTURED PEARLS,PRECIOUS OR SEMIPRECIOUS STONES,PRE.METALS,CLAD WITH PRE.METAL AND ARTCLS THEREOF;IMIT.JEWLRY;COIN.","9734.37","U S A",2016
"27","MINERAL FUELS, MINERAL OILS AND PRODUCTS OF THEIR DISTILLATION; BITUMINOUS SUBSTANCES; MINERAL WAXES.","9549.73","SINGAPORE",2011
"71","NATURAL OR CULTURED PEARLS,PRECIOUS OR SEMIPRECIOUS STONES,PRE.METALS,CLAD WITH PRE.METAL AND ARTCLS THEREOF;IMIT.JEWLRY;COIN.","9524.43","HONG KONG",2019
"71","NATURAL OR CULTURED PEARLS,PRECIOUS OR SEMIPRECIOUS STONES,PRE.METALS,CLAD WITH PRE.METAL AND ARTCLS THEREOF;IMIT.JEWLRY;COIN.","9433.84","U ARAB EMTS",2019
"71","NATURAL OR CULTURED PEARLS,PRECIOUS OR SEMIPRECIOUS STONES,PRE.METALS,CLAD WITH PRE.METAL AND ARTCLS THEREOF;IMIT.JEWLRY;COIN.","9379.2","HONG KONG",2021
"71","NATURAL OR CULTURED PEARLS,PRECIOUS OR SEMIPRECIOUS STONES,PRE.METALS,CLAD WITH PRE.METAL AND ARTCLS THEREOF;IMIT.JEWLRY;COIN.","9259.9","U S A",2019
"71","NATURAL OR CULTURED PEARLS,PRECIOUS OR SEMIPRECIOUS STONES,PRE.METALS,CLAD WITH PRE.METAL AND ARTCLS THEREOF;IMIT.JEWLRY;COIN.","8722.2","U S A",2020
"71","NATURAL OR CULTURED PEARLS,PRECIOUS OR SEMIPRECIOUS STONES,PRE.METALS,CLAD WITH PRE.METAL AND ARTCLS THEREOF;IMIT.JEWLRY;COIN.","8674.42","U S A",2015
"71","NATURAL OR CULTURED PEARLS,PRECIOUS OR SEMIPRECIOUS STONES,PRE.METALS,CLAD WITH PRE.METAL AND ARTCLS THEREOF;IMIT.JEWLRY;COIN.","8670.13","HONG KONG",2010
"71","NATURAL OR CULTURED PEARLS,PRECIOUS OR SEMIPRECIOUS STONES,PRE.METALS,CLAD WITH PRE.METAL AND ARTCLS THEREOF;IMIT.JEWLRY;COIN.","8419.58","U S A",2014
"71","NATURAL OR CULTURED PEARLS,PRECIOUS OR SEMIPRECIOUS STONES,PRE.METALS,CLAD WITH PRE.METAL AND ARTCLS THEREOF;IMIT.JEWLRY;COIN.","8113.77","HONG KONG",2020
"27","MINERAL FUELS, MINERAL OILS AND PRODUCTS OF THEIR DISTILLATION; BITUMINOUS SUBSTANCES; MINERAL WAXES.","7936.96","SINGAPORE",2012
"71","NATURAL OR CULTURED PEARLS,PRECIOUS OR SEMIPRECIOUS STONES,PRE.METALS,CLAD WITH PRE.METAL AND ARTCLS THEREOF;IMIT.JEWLRY;COIN.","7842.22","U S A",2013
"27","MINERAL FUELS, MINERAL OILS AND PRODUCTS OF THEIR DISTILLATION; BITUMINOUS SUBSTANCES; MINERAL WAXES.","7464.6","SINGAPORE",2013
"30","PHARMACEUTICAL PRODUCTS","7179.87","U S A",2020
"27","MINERAL FUELS, MINERAL OILS AND PRODUCTS OF THEIR DISTILLATION; BITUMINOUS SUBSTANCES; MINERAL WAXES.","6964.32","U ARAB EMTS",2012
"27","MINERAL FUELS, MINERAL OILS AND PRODUCTS OF THEIR DISTILLATION; BITUMINOUS SUBSTANCES; MINERAL WAXES.","6833.13","SAUDI ARAB",2013
"71","NATURAL OR CULTURED PEARLS,PRECIOUS OR SEMIPRECIOUS STONES,PRE.METALS,CLAD WITH PRE.METAL AND ARTCLS THEREOF;IMIT.JEWLRY;COIN.","6808.23","U S A",2011
"71","NATURAL OR CULTURED PEARLS,PRECIOUS OR SEMIPRECIOUS STONES,PRE.METALS,CLAD WITH PRE.METAL AND ARTCLS THEREOF;IMIT.JEWLRY;COIN.","6749.99","U S A",2012
"27","MINERAL FUELS, MINERAL OILS AND PRODUCTS OF THEIR DISTILLATION; BITUMINOUS SUBSTANCES; MINERAL WAXES.","6571.21","U ARAB EMTS",2011
"27","MINERAL FUELS, MINERAL OILS AND PRODUCTS OF THEIR DISTILLATION; BITUMINOUS SUBSTANCES; MINERAL WAXES.","6519.64","U ARAB EMTS",2014
"30","PHARMACEUTICAL PRODUCTS","6472.25","U S A",2021
"27","MINERAL FUELS, MINERAL OILS AND PRODUCTS OF THEIR DISTILLATION; BITUMINOUS SUBSTANCES; MINERAL WAXES.","6367.54","U ARAB EMTS",2018
"30","PHARMACEUTICAL PRODUCTS","6331.97","U S A",2019
"27","MINERAL FUELS, MINERAL OILS AND PRODUCTS OF THEIR DISTILLATION; BITUMINOUS SUBSTANCES; MINERAL WAXES.","6295.14","NETHERLAND",2012
"27","MINERAL FUELS, MINERAL OILS AND PRODUCTS OF THEIR DISTILLATION; BITUMINOUS SUBSTANCES; MINERAL WAXES.","6196.05","U ARAB EMTS",2021
"27","MINERAL FUELS, MINERAL OILS AND PRODUCTS OF THEIR DISTILLATION; BITUMINOUS SUBSTANCES; MINERAL WAXES.","6179.9","SINGAPORE",2017
"27","MINERAL FUELS, MINERAL OILS AND PRODUCTS OF THEIR DISTILLATION; BITUMINOUS SUBSTANCES; MINERAL WAXES.","6100.88","SINGAPORE",2021
"27","MINERAL FUELS, MINERAL OILS AND PRODUCTS OF THEIR DISTILLATION; BITUMINOUS SUBSTANCES; MINERAL WAXES.","5877.28","SINGAPORE",2018
"84","NUCLEAR REACTORS, BOILERS, MACHINERY AND MECHANICAL APPLIANCES; PARTS THEREOF.","5798.48","U S A",2021
"27","MINERAL FUELS, MINERAL OILS AND PRODUCTS OF THEIR DISTILLATION; BITUMINOUS SUBSTANCES; MINERAL WAXES.","5732.18","U ARAB EMTS",2019
"27","MINERAL FUELS, MINERAL OILS AND PRODUCTS OF THEIR DISTILLATION; BITUMINOUS SUBSTANCES; MINERAL WAXES.","5629.68","UNSPECIFIED",2013
"27","MINERAL FUELS, MINERAL OILS AND PRODUCTS OF THEIR DISTILLATION; BITUMINOUS SUBSTANCES; MINERAL WAXES.","5570.4","SAUDI ARAB",2014
"27","MINERAL FUELS, MINERAL OILS AND PRODUCTS OF THEIR DISTILLATION; BITUMINOUS SUBSTANCES; MINERAL WAXES.","5518.15","SINGAPORE",2010
"30","PHARMACEUTICAL PRODUCTS","5389.73","U S A",2018
"27","MINERAL FUELS, MINERAL OILS AND PRODUCTS OF THEIR DISTILLATION; BITUMINOUS SUBSTANCES; MINERAL WAXES.","5333.0","SINGAPORE",2014
"27","MINERAL FUELS, MINERAL OILS AND PRODUCTS OF THEIR DISTILLATION; BITUMINOUS SUBSTANCES; MINERAL WAXES.","5273.87","NETHERLAND",2021
"71","NATURAL OR CULTURED PEARLS,PRECIOUS OR SEMIPRECIOUS STONES,PRE.METALS,CLAD WITH PRE.METAL AND ARTCLS THEREOF;IMIT.JEWLRY;COIN.","5272.78","U S A",2010
"27","MINERAL FUELS, MINERAL OILS AND PRODUCTS OF THEIR DISTILLATION; BITUMINOUS SUBSTANCES; MINERAL WAXES.","5136.7","SAUDI ARAB",2012
"27","MINERAL FUELS, MINERAL OILS AND PRODUCTS OF THEIR DISTILLATION; BITUMINOUS SUBSTANCES; MINERAL WAXES.","5103.19","U S A",2021
"30","PHARMACEUTICAL PRODUCTS","5098.25","U S A",2016
"27","MINERAL FUELS, MINERAL OILS AND PRODUCTS OF THEIR DISTILLATION; BITUMINOUS SUBSTANCES; MINERAL WAXES.","5039.94","U ARAB EMTS",2013
"30","PHARMACEUTICAL PRODUCTS","5026.46","U S A",2015
"27","MINERAL FUELS, MINERAL OILS AND PRODUCTS OF THEIR DISTILLATION; BITUMINOUS SUBSTANCES; MINERAL WAXES.","5019.58","U ARAB EMTS",2010
"71","NATURAL OR CULTURED PEARLS,PRECIOUS OR SEMIPRECIOUS STONES,PRE.METALS,CLAD WITH PRE.METAL AND ARTCLS THEREOF;IMIT.JEWLRY;COIN.","4953.11","U ARAB EMTS",2021
"26","ORES, SLAG AND ASH.","4767.11","CHINA P RP",2010
"27","MINERAL FUELS, MINERAL OILS AND PRODUCTS OF THEIR DISTILLATION; BITUMINOUS SUBSTANCES; MINERAL WAXES.","4757.42","SINGAPORE",2016
"30","PHARMACEUTICAL PRODUCTS","4667.24","U S A",2017
"27","MINERAL FUELS, MINERAL OILS AND PRODUCTS OF THEIR DISTILLATION; BITUMINOUS SUBSTANCES; MINERAL WAXES.","4663.09","U ARAB EMTS",2017
"27","MINERAL FUELS, MINERAL OILS AND PRODUCTS OF THEIR DISTILLATION; BITUMINOUS SUBSTANCES; MINERAL WAXES.","4616.5","AUSTRALIA",2021
"26","ORES, SLAG AND ASH.","4614.72","CHINA P RP",2011
"52","COTTON.","4566.17","BANGLADESH PR",2021
"27","MINERAL FUELS, MINERAL OILS AND PRODUCTS OF THEIR DISTILLATION; BITUMINOUS SUBSTANCES; MINERAL WAXES.","4557.95","NETHERLAND",2011
"84","NUCLEAR REACTORS, BOILERS, MACHINERY AND MECHANICAL APPLIANCES; PARTS THEREOF.","4495.08","U S A",2019
"27","MINERAL FUELS, MINERAL OILS AND PRODUCTS OF THEIR DISTILLATION; BITUMINOUS SUBSTANCES; MINERAL WAXES.","4455.88","SINGAPORE",2019
"26","ORES, SLAG AND ASH.","4382.42","CHINA P RP",2020
"27","MINERAL FUELS, MINERAL OILS AND PRODUCTS OF THEIR DISTILLATION; BITUMINOUS SUBSTANCES; MINERAL WAXES.","4364.22","NETHERLAND",2018
"27","MINERAL FUELS, MINERAL OILS AND PRODUCTS OF THEIR DISTILLATION; BITUMINOUS SUBSTANCES; MINERAL WAXES.","4189.39","NETHERLAND",2010
"27","MINERAL FUELS, MINERAL OILS AND PRODUCTS OF THEIR DISTILLATION; BITUMINOUS SUBSTANCES; MINERAL WAXES.","4118.68","SINGAPORE",2020
"84","NUCLEAR REACTORS, BOILERS, MACHINERY AND MECHANICAL APPLIANCES; PARTS THEREOF.","4057.92","U S A",2020
"99","MISCELLANEOUS GOODS.","4051.02","UNSPECIFIED",2012
"84","NUCLEAR REACTORS, BOILERS, MACHINERY AND MECHANICAL APPLIANCES; PARTS THEREOF.","4026.34","U S A",2018
"52","COTTON.","4020.71","CHINA P RP",2011
"27","MINERAL FUELS, MINERAL OILS AND PRODUCTS OF THEIR DISTILLATION; BITUMINOUS SUBSTANCES; MINERAL WAXES.","4004.77","U ARAB EMTS",2015
"27","MINERAL FUELS, MINERAL OILS AND PRODUCTS OF THEIR DISTILLATION; BITUMINOUS SUBSTANCES; MINERAL WAXES.","3956.16","U S A",2013
"27","MINERAL FUELS, MINERAL OILS AND PRODUCTS OF THEIR DISTILLATION; BITUMINOUS SUBSTANCES; MINERAL WAXES.","3908.63","NETHERLAND",2019
"27","MINERAL FUELS, MINERAL OILS AND PRODUCTS OF THEIR DISTILLATION; BITUMINOUS SUBSTANCES; MINERAL WAXES.","3907.11","U ARAB EMTS",2016
"27","MINERAL FUELS, MINERAL OILS AND PRODUCTS OF THEIR DISTILLATION; BITUMINOUS SUBSTANCES; MINERAL WAXES.","3884.78","U S A",2014
"52","COTTON.","3833.41","CHINA P RP",2013
"71","NATURAL OR CULTURED PEARLS,PRECIOUS OR SEMIPRECIOUS STONES,PRE.METALS,CLAD WITH PRE.METAL AND ARTCLS THEREOF;IMIT.JEWLRY;COIN.","3829.8","BELGIUM",2011
"27","MINERAL FUELS, MINERAL OILS AND PRODUCTS OF THEIR DISTILLATION; BITUMINOUS SUBSTANCES; MINERAL WAXES.","3793.2","NETHERLAND",2013
"30","PHARMACEUTICAL PRODUCTS","3769.08","U S A",2014
"71","NATURAL OR CULTURED PEARLS,PRECIOUS OR SEMIPRECIOUS STONES,PRE.METALS,CLAD WITH PRE.METAL AND ARTCLS THEREOF;IMIT.JEWLRY;COIN.","3642.86","UNSPECIFIED",2010
"85","ELECTRICAL MACHINERY AND EQUIPMENT AND PARTS THEREOF; SOUND RECORDERS AND REPRODUCERS, TELEVISION IMAGE AND SOUND RECORDERS AND REPRODUCERS,AND PARTS.","3581.33","U S A",2021
"63","OTHER MADE UP TEXTILE ARTICLES; SETS; WORN CLOTHING AND WORN TEXTILE ARTICLES; RAGS","3455.11","U S A",2021
"30","PHARMACEUTICAL PRODUCTS","3445.75","U S A",2013
"52","COTTON.","3410.51","CHINA P RP",2012
"89","SHIPS, BOATS AND FLOATING STRUCTURES.","3399.87","SINGAPORE",2011
"13","LAC; GUMS, RESINS AND OTHER VEGETABLE SAPS AND EXTRACTS.","3357.4","U S A",2012
"27","MINERAL FUELS, MINERAL OILS AND PRODUCTS OF THEIR DISTILLATION; BITUMINOUS SUBSTANCES; MINERAL WAXES.","3340.46","BRAZIL",2011
"27","MINERAL FUELS, MINERAL OILS AND PRODUCTS OF THEIR DISTILLATION; BITUMINOUS SUBSTANCES; MINERAL WAXES.","3305.29","BRAZIL",2012
"99","MISCELLANEOUS GOODS.","3272.11","UNSPECIFIED",2013
"29","ORGANIC CHEMICALS","3249.21","CHINA P RP",2018
"27","MINERAL FUELS, MINERAL OILS AND PRODUCTS OF THEIR DISTILLATION; BITUMINOUS SUBSTANCES; MINERAL WAXES.","3155.07","BRAZIL",2014
"30","PHARMACEUTICAL PRODUCTS","3093.24","U S A",2012
"27","MINERAL FUELS, MINERAL OILS AND PRODUCTS OF THEIR DISTILLATION; BITUMINOUS SUBSTANCES; MINERAL WAXES.","3021.55","UNSPECIFIED",2011
"27","MINERAL FUELS, MINERAL OILS AND PRODUCTS OF THEIR DISTILLATION; BITUMINOUS SUBSTANCES; MINERAL WAXES.","3006.13","JAPAN",2013
"27","MINERAL FUELS, MINERAL OILS AND PRODUCTS OF THEIR DISTILLATION; BITUMINOUS SUBSTANCES; MINERAL WAXES.","2998.87","SINGAPORE",2015
"29","ORGANIC CHEMICALS","2965.97","U S A",2021
"87","VEHICLES OTHER THAN RAILWAY OR TRAMWAY ROLLING STOCK, AND PARTS AND ACCESSORIES THEREOF.","2891.7","U S A",2021
"27","MINERAL FUELS, MINERAL OILS AND PRODUCTS OF THEIR DISTILLATION; BITUMINOUS SUBSTANCES; MINERAL WAXES.","2855.69","CHINA P RP",2018
"87","VEHICLES OTHER THAN RAILWAY OR TRAMWAY ROLLING STOCK, AND PARTS AND ACCESSORIES THEREOF.","2854.93","U S A",2018
"27","MINERAL FUELS, MINERAL OILS AND PRODUCTS OF THEIR DISTILLATION; BITUMINOUS SUBSTANCES; MINERAL WAXES.","2853.99","UNSPECIFIED",2014
"84","NUCLEAR REACTORS, BOILERS, MACHINERY AND MECHANICAL APPLIANCES; PARTS THEREOF.","2838.2","U S A",2017
"27","MINERAL FUELS, MINERAL OILS AND PRODUCTS OF THEIR DISTILLATION; BITUMINOUS SUBSTANCES; MINERAL WAXES.","2810.47","U ARAB EMTS",2020
"71","NATURAL OR CULTURED PEARLS,PRECIOUS OR SEMIPRECIOUS STONES,PRE.METALS,CLAD WITH PRE.METAL AND ARTCLS THEREOF;IMIT.JEWLRY;COIN.","2773.7","U ARAB EMTS",2020
"85","ELECTRICAL MACHINERY AND EQUIPMENT AND PARTS THEREOF; SOUND RECORDERS AND REPRODUCERS, TELEVISION IMAGE AND SOUND RECORDERS AND REPRODUCERS,AND PARTS.","2757.7","U ARAB EMTS",2021
"85","ELECTRICAL MACHINERY AND EQUIPMENT AND PARTS THEREOF; SOUND RECORDERS AND REPRODUCERS, TELEVISION IMAGE AND SOUND RECORDERS AND REPRODUCERS,AND PARTS.","2754.55","U S A",2020
"71","NATURAL OR CULTURED PEARLS,PRECIOUS OR SEMIPRECIOUS STONES,PRE.METALS,CLAD WITH PRE.METAL AND ARTCLS THEREOF;IMIT.JEWLRY;COIN.","2740.37","BELGIUM",2021
"27","MINERAL FUELS, MINERAL OILS AND PRODUCTS OF THEIR DISTILLATION; BITUMINOUS SUBSTANCES; MINERAL WAXES.","2734.01","KENYA",2014
"27","MINERAL FUELS, MINERAL OILS AND PRODUCTS OF THEIR DISTILLATION; BITUMINOUS SUBSTANCES; MINERAL WAXES.","2728.09","UNSPECIFIED",2018
"61","ARTICLES OF APPAREL AND CLOTHING ACCESSORIES, KNITTED OR CORCHETED.","2712.18","U S A",2021
"63","OTHER MADE UP TEXTILE ARTICLES; SETS; WORN CLOTHING AND WORN TEXTILE ARTICLES; RAGS","2704.43","U S A",2020
"29","ORGANIC CHEMICALS","2702.44","CHINA P RP",2019
"85","ELECTRICAL MACHINERY AND EQUIPMENT AND PARTS THEREOF; SOUND RECORDERS AND REPRODUCERS, TELEVISION IMAGE AND SOUND RECORDERS AND REPRODUCERS,AND PARTS.","2694.86","U ARAB EMTS",2019
"27","MINERAL FUELS, MINERAL OILS AND PRODUCTS OF THEIR DISTILLATION; BITUMINOUS SUBSTANCES; MINERAL WAXES.","2694.75","BRAZIL",2013
"71","NATURAL OR CULTURED PEARLS,PRECIOUS OR SEMIPRECIOUS STONES,PRE.METALS,CLAD WITH PRE.METAL AND ARTCLS THEREOF;IMIT.JEWLRY;COIN.","2680.36","BELGIUM",2014
"71","NATURAL OR CULTURED PEARLS,PRECIOUS OR SEMIPRECIOUS STONES,PRE.METALS,CLAD WITH PRE.METAL AND ARTCLS THEREOF;IMIT.JEWLRY;COIN.","2678.31","BELGIUM",2013
"03","FISH AND CRUSTACEANS, MOLLUSCS AND OTHER AQUATIC INVERTABRATES.","2678.3","U S A",2021
"73","ARTICLES OF IRON OR STEEL","2671.29","U S A",2021
"27","MINERAL FUELS, MINERAL OILS AND PRODUCTS OF THEIR DISTILLATION; BITUMINOUS SUBSTANCES; MINERAL WAXES.","2666.69","BAHAMAS",2012
"13","LAC; GUMS, RESINS AND OTHER VEGETABLE SAPS AND EXTRACTS.","2650.08","U S A",2011
"27","MINERAL FUELS, MINERAL OILS AND PRODUCTS OF THEIR DISTILLATION; BITUMINOUS SUBSTANCES; MINERAL WAXES.","2639.86","JAPAN",2011
"62","ARTICLES OF APPAREL AND CLOTHING ACCESSORIES, NOT KNITTED OR CROCHETED.","2630.54","U S A",2021
"27","MINERAL FUELS, MINERAL OILS AND PRODUCTS OF THEIR DISTILLATION; BITUMINOUS SUBSTANCES; MINERAL WAXES.","2578.2","U S A",2017
"87","VEHICLES OTHER THAN RAILWAY OR TRAMWAY ROLLING STOCK, AND PARTS AND ACCESSORIES THEREOF.","2569.83","U S A",2019
"27","MINERAL FUELS, MINERAL OILS AND PRODUCTS OF THEIR DISTILLATION; BITUMINOUS SUBSTANCES; MINERAL WAXES.","2558.99","INDONESIA",2010
"27","MINERAL FUELS, MINERAL OILS AND PRODUCTS OF THEIR DISTILLATION; BITUMINOUS SUBSTANCES; MINERAL WAXES.","2542.98","KOREA RP",2021
"26","ORES, SLAG AND ASH.","2535.62","CHINA P RP",2021
"30","PHARMACEUTICAL PRODUCTS","2533.21","U S A",2011
"72","IRON AND STEEL","2512.55","CHINA P RP",2020
"85","ELECTRICAL MACHINERY AND EQUIPMENT AND PARTS THEREOF; SOUND RECORDERS AND REPRODUCERS, TELEVISION IMAGE AND SOUND RECORDERS AND REPRODUCERS,AND PARTS.","2502.86","U S A",2019
"27","MINERAL FUELS, MINERAL OILS AND PRODUCTS OF THEIR DISTILLATION; BITUMINOUS SUBSTANCES; MINERAL WAXES.","2498.11","NEPAL",2021
"71","NATURAL OR CULTURED PEARLS,PRECIOUS OR SEMIPRECIOUS STONES,PRE.METALS,CLAD WITH PRE.METAL AND ARTCLS THEREOF;IMIT.JEWLRY;COIN.","2475.7","BELGIUM",2018
"71","NATURAL OR CULTURED PEARLS,PRECIOUS OR SEMIPRECIOUS STONES,PRE.METALS,CLAD WITH PRE.METAL AND ARTCLS THEREOF;IMIT.JEWLRY;COIN.","2474.05","BELGIUM",2016
"63","OTHER MADE UP TEXTILE ARTICLES; SETS; WORN CLOTHING AND WORN TEXTILE ARTICLES; RAGS","2472.97","U S A",2018
"27","MINERAL FUELS, MINERAL OILS AND PRODUCTS OF THEIR DISTILLATION; BITUMINOUS SUBSTANCES; MINERAL WAXES.","2472.18","NETHERLAND",2014
"27","MINERAL FUELS, MINERAL OILS AND PRODUCTS OF THEIR DISTILLATION; BITUMINOUS SUBSTANCES; MINERAL WAXES.","2464.32","SAUDI ARAB",2021
"27","MINERAL FUELS, MINERAL OILS AND PRODUCTS OF THEIR DISTILLATION; BITUMINOUS SUBSTANCES; MINERAL WAXES.","2461.63","JAPAN",2012
"27","MINERAL FUELS, MINERAL OILS AND PRODUCTS OF THEIR DISTILLATION; BITUMINOUS SUBSTANCES; MINERAL WAXES.","2453.37","TANZANIA REP",2013
"27","MINERAL FUELS, MINERAL OILS AND PRODUCTS OF THEIR DISTILLATION; BITUMINOUS SUBSTANCES; MINERAL WAXES.","2435.86","U S A",2018
"71","NATURAL OR CULTURED PEARLS,PRECIOUS OR SEMIPRECIOUS STONES,PRE.METALS,CLAD WITH PRE.METAL AND ARTCLS THEREOF;IMIT.JEWLRY;COIN.","2435.61","BELGIUM",2012
"27","MINERAL FUELS, MINERAL OILS AND PRODUCTS OF THEIR DISTILLATION; BITUMINOUS SUBSTANCES; MINERAL WAXES.","2433.5","TOGO",2021
"27","MINERAL FUELS, MINERAL OILS AND PRODUCTS OF THEIR DISTILLATION; BITUMINOUS SUBSTANCES; MINERAL WAXES.","2429.01","KENYA",2013
"71","NATURAL OR CULTURED PEARLS,PRECIOUS OR SEMIPRECIOUS STONES,PRE.METALS,CLAD WITH PRE.METAL AND ARTCLS THEREOF;IMIT.JEWLRY;COIN.","2428.35","BELGIUM",2017
"29","ORGANIC CHEMICALS","2416.35","CHINA P RP",2020
"63","OTHER MADE UP TEXTILE ARTICLES; SETS; WORN CLOTHING AND WORN TEXTILE ARTICLES; RAGS","2414.01","U S A",2019
"27","MINERAL FUELS, MINERAL OILS AND PRODUCTS OF THEIR DISTILLATION; BITUMINOUS SUBSTANCES; MINERAL WAXES.","2401.41","KENYA",2012
"63","OTHER MADE UP TEXTILE ARTICLES; SETS; WORN CLOTHING AND WORN TEXTILE ARTICLES; RAGS","2397.11","U S A",2016
"71","NATURAL OR CULTURED PEARLS,PRECIOUS OR SEMIPRECIOUS STONES,PRE.METALS,CLAD WITH PRE.METAL AND ARTCLS THEREOF;IMIT.JEWLRY;COIN.","2393.13","BELGIUM",2010
"63","OTHER MADE UP TEXTILE ARTICLES; SETS; WORN CLOTHING AND WORN TEXTILE ARTICLES; RAGS","2390.99","U S A",2017
"29","ORGANIC CHEMICALS","2380.24","CHINA P RP",2021
"26","ORES, SLAG AND ASH.","2356.97","CHINA P RP",2019
"27","MINERAL FUELS, MINERAL OILS AND PRODUCTS OF THEIR DISTILLATION; BITUMINOUS SUBSTANCES; MINERAL WAXES.","2352.14","INDONESIA",2021
"71","NATURAL OR CULTURED PEARLS,PRECIOUS OR SEMIPRECIOUS STONES,PRE.METALS,CLAD WITH PRE.METAL AND ARTCLS THEREOF;IMIT.JEWLRY;COIN.","2327.4","BELGIUM",2015
"27","MINERAL FUELS, MINERAL OILS AND PRODUCTS OF THEIR DISTILLATION; BITUMINOUS SUBSTANCES; MINERAL WAXES.","2326.43","UNSPECIFIED",2019
"27","MINERAL FUELS, MINERAL OILS AND PRODUCTS OF THEIR DISTILLATION; BITUMINOUS SUBSTANCES; MINERAL WAXES.","2325.53","INDONESIA",2011
"27","MINERAL FUELS, MINERAL OILS AND PRODUCTS OF THEIR DISTILLATION; BITUMINOUS SUBSTANCES; MINERAL WAXES.","2296.03","UNSPECIFIED",2017
"2","MEAT AND EDIBLE MEAT OFFAL.","2292.38","VIETNAM SOC REP",2017
"02","MEAT AND EDIBLE MEAT OFFAL.","2292.38","VIETNAM SOC REP",2017
"63","OTHER MADE UP TEXTILE ARTICLES; SETS; WORN CLOTHING AND WORN TEXTILE ARTICLES; RAGS","2289.88","U S A",2015
"27","MINERAL FUELS, MINERAL OILS AND PRODUCTS OF THEIR DISTILLATION; BITUMINOUS SUBSTANCES; MINERAL WAXES.","2286.87","U S A",2019
"52","COTTON.","2277.87","CHINA P RP",2014
"62","ARTICLES OF APPAREL AND CLOTHING ACCESSORIES, NOT KNITTED OR CROCHETED.","2258.6","U S A",2019
"10","CEREALS.","2246.52","BANGLADESH PR",2021
"27","MINERAL FUELS, MINERAL OILS AND PRODUCTS OF THEIR DISTILLATION; BITUMINOUS SUBSTANCES; MINERAL WAXES.","2237.57","MALAYSIA",2021
"62","ARTICLES OF APPAREL AND CLOTHING ACCESSORIES, NOT KNITTED OR CROCHETED.","2231.06","U S A",2018
"27","MINERAL FUELS, MINERAL OILS AND PRODUCTS OF THEIR DISTILLATION; BITUMINOUS SUBSTANCES; MINERAL WAXES.","2214.63","MALAYSIA",2018
"63","OTHER MADE UP TEXTILE ARTICLES; SETS; WORN CLOTHING AND WORN TEXTILE ARTICLES; RAGS","2213.75","U S A",2014
"62","ARTICLES OF APPAREL AND CLOTHING ACCESSORIES, NOT KNITTED OR CROCHETED.","2186.94","U S A",2015
"27","MINERAL FUELS, MINERAL OILS AND PRODUCTS OF THEIR DISTILLATION; BITUMINOUS SUBSTANCES; MINERAL WAXES.","2176.87","TURKEY",2021
"71","NATURAL OR CULTURED PEARLS,PRECIOUS OR SEMIPRECIOUS STONES,PRE.METALS,CLAD WITH PRE.METAL AND ARTCLS THEREOF;IMIT.JEWLRY;COIN.","2175.92","BELGIUM",2019
"03","FISH AND CRUSTACEANS, MOLLUSCS AND OTHER AQUATIC INVERTABRATES.","2157.28","U S A",2019
"84","NUCLEAR REACTORS, BOILERS, MACHINERY AND MECHANICAL APPLIANCES; PARTS THEREOF.","2157.13","U S A",2014
"02","MEAT AND EDIBLE MEAT OFFAL.","2154.86","VIETNAM SOC REP",2014
"2","MEAT AND EDIBLE MEAT OFFAL.","2154.86","VIETNAM SOC REP",2014
"27","MINERAL FUELS, MINERAL OILS AND PRODUCTS OF THEIR DISTILLATION; BITUMINOUS SUBSTANCES; MINERAL WAXES.","2149.94","NETHERLAND",2017
"27","MINERAL FUELS, MINERAL OILS AND PRODUCTS OF THEIR DISTILLATION; BITUMINOUS SUBSTANCES; MINERAL WAXES.","2148.61","UNSPECIFIED",2015
"72","IRON AND STEEL","2144.69","ITALY",2021
"27","MINERAL FUELS, MINERAL OILS AND PRODUCTS OF THEIR DISTILLATION; BITUMINOUS SUBSTANCES; MINERAL WAXES.","2135.19","FRANCE",2010
"27","MINERAL FUELS, MINERAL OILS AND PRODUCTS OF THEIR DISTILLATION; BITUMINOUS SUBSTANCES; MINERAL WAXES.","2128.57","CHINA P RP",2019
"62","ARTICLES OF APPAREL AND CLOTHING ACCESSORIES, NOT KNITTED OR CROCHETED.","2127.74","U S A",2017
"87","VEHICLES OTHER THAN RAILWAY OR TRAMWAY ROLLING STOCK, AND PARTS AND ACCESSORIES THEREOF.","2125.82","U S A",2017
"61","ARTICLES OF APPAREL AND CLOTHING ACCESSORIES, KNITTED OR CORCHETED.","2114.92","U ARAB EMTS",2016
"27","MINERAL FUELS, MINERAL OILS AND PRODUCTS OF THEIR DISTILLATION; BITUMINOUS SUBSTANCES; MINERAL WAXES.","2106.4","TAIWAN",2011
"29","ORGANIC CHEMICALS","2106.24","CHINA P RP",2017
"3","FISH AND CRUSTACEANS, MOLLUSCS AND OTHER AQUATIC INVERTABRATES.","2105.93","U S A",2017
"03","FISH AND CRUSTACEANS, MOLLUSCS AND OTHER AQUATIC INVERTABRATES.","2105.93","U S A",2017
"29","ORGANIC CHEMICALS","2102.74","U S A",2020
"63","OTHER MADE UP TEXTILE ARTICLES; SETS; WORN CLOTHING AND WORN TEXTILE ARTICLES; RAGS","2093.36","U S A",2013
"87","VEHICLES OTHER THAN RAILWAY OR TRAMWAY ROLLING STOCK, AND PARTS AND ACCESSORIES THEREOF.","2080.87","U S A",2020
"27","MINERAL FUELS, MINERAL OILS AND PRODUCTS OF THEIR DISTILLATION; BITUMINOUS SUBSTANCES; MINERAL WAXES.","2072.96","U S A",2015
"84","NUCLEAR REACTORS, BOILERS, MACHINERY AND MECHANICAL APPLIANCES; PARTS THEREOF.","2071.12","U S A",2016
"62","ARTICLES OF APPAREL AND CLOTHING ACCESSORIES, NOT KNITTED OR CROCHETED.","2052.14","U S A",2016
"87","VEHICLES OTHER THAN RAILWAY OR TRAMWAY ROLLING STOCK, AND PARTS AND ACCESSORIES THEREOF.","2027.07","MEXICO",2017
"2","MEAT AND EDIBLE MEAT OFFAL.","2026.41","VIETNAM SOC REP",2016
"02","MEAT AND EDIBLE MEAT OFFAL.","2026.41","VIETNAM SOC REP",2016
"74","COPPER AND ARTICLES THEREOF.","2019.93","CHINA P RP",2011
"27","MINERAL FUELS, MINERAL OILS AND PRODUCTS OF THEIR DISTILLATION; BITUMINOUS SUBSTANCES; MINERAL WAXES.","2017.73","BAHAMAS",2010
"74","COPPER AND ARTICLES THEREOF.","2010.97","CHINA P RP",2012
"27","MINERAL FUELS, MINERAL OILS AND PRODUCTS OF THEIR DISTILLATION; BITUMINOUS SUBSTANCES; MINERAL WAXES.","2010.06","BRAZIL",2010
"03","FISH AND CRUSTACEANS, MOLLUSCS AND OTHER AQUATIC INVERTABRATES.","2000.3","U S A",2018
"3","FISH AND CRUSTACEANS, MOLLUSCS AND OTHER AQUATIC INVERTABRATES.","2000.3","U S A",2018
"27","MINERAL FUELS, MINERAL OILS AND PRODUCTS OF THEIR DISTILLATION; BITUMINOUS SUBSTANCES; MINERAL WAXES.","1997.08","NEPAL",2018
"62","ARTICLES OF APPAREL AND CLOTHING ACCESSORIES, NOT KNITTED OR CROCHETED.","1994.79","U S A",2014
"02","MEAT AND EDIBLE MEAT OFFAL.","1993.27","VIETNAM SOC REP",2015
"2","MEAT AND EDIBLE MEAT OFFAL.","1993.27","VIETNAM SOC REP",2015
"89","SHIPS, BOATS AND FLOATING STRUCTURES.","1989.65","SINGAPORE",2018
"27","MINERAL FUELS, MINERAL OILS AND PRODUCTS OF THEIR DISTILLATION; BITUMINOUS SUBSTANCES; MINERAL WAXES.","1987.34","JAPAN",2010
"61","ARTICLES OF APPAREL AND CLOTHING ACCESSORIES, KNITTED OR CORCHETED.","1982.71","U S A",2019
"10","CEREALS.","1968.73","IRAN",2013
"63","OTHER MADE UP TEXTILE ARTICLES; SETS; WORN CLOTHING AND WORN TEXTILE ARTICLES; RAGS","1958.62","U S A",2012
"27","MINERAL FUELS, MINERAL OILS AND PRODUCTS OF THEIR DISTILLATION; BITUMINOUS SUBSTANCES; MINERAL WAXES.","1958.54","BAHAMAS",2011
"27","MINERAL FUELS, MINERAL OILS AND PRODUCTS OF THEIR DISTILLATION; BITUMINOUS SUBSTANCES; MINERAL WAXES.","1953.42","UNSPECIFIED",2016
"61","ARTICLES OF APPAREL AND CLOTHING ACCESSORIES, KNITTED OR CORCHETED.","1934.89","U S A",2018
"62","ARTICLES OF APPAREL AND CLOTHING ACCESSORIES, NOT KNITTED OR CROCHETED.","1926.94","U S A",2013
"27","MINERAL FUELS, MINERAL OILS AND PRODUCTS OF THEIR DISTILLATION; BITUMINOUS SUBSTANCES; MINERAL WAXES.","1925.48","BELGIUM",2021
"27","MINERAL FUELS, MINERAL OILS AND PRODUCTS OF THEIR DISTILLATION; BITUMINOUS SUBSTANCES; MINERAL WAXES.","1920.41","NEPAL",2019
"29","ORGANIC CHEMICALS","1908.82","U S A",2019
"26","ORES, SLAG AND ASH.","1897.67","CHINA P RP",2012
"71","NATURAL OR CULTURED PEARLS,PRECIOUS OR SEMIPRECIOUS STONES,PRE.METALS,CLAD WITH PRE.METAL AND ARTCLS THEREOF;IMIT.JEWLRY;COIN.","1895.79","UNSPECIFIED",2013
"03","FISH AND CRUSTACEANS, MOLLUSCS AND OTHER AQUATIC INVERTABRATES.","1891.5","U S A",2020
"52","COTTON.","1891.46","CHINA P RP",2010
"74","COPPER AND ARTICLES THEREOF.","1890.82","CHINA P RP",2014
"52","COTTON.","1878.04","BANGLADESH PR",2018
"27","MINERAL FUELS, MINERAL OILS AND PRODUCTS OF THEIR DISTILLATION; BITUMINOUS SUBSTANCES; MINERAL WAXES.","1874.67","CHINA P RP",2021
"27","MINERAL FUELS, MINERAL OILS AND PRODUCTS OF THEIR DISTILLATION; BITUMINOUS SUBSTANCES; MINERAL WAXES.","1874.14","NETHERLAND",2020
"27","MINERAL FUELS, MINERAL OILS AND PRODUCTS OF THEIR DISTILLATION; BITUMINOUS SUBSTANCES; MINERAL WAXES.","1874.08","SOUTH AFRICA",2011
"87","VEHICLES OTHER THAN RAILWAY OR TRAMWAY ROLLING STOCK, AND PARTS AND ACCESSORIES THEREOF.","1872.68","MEXICO",2016
"27","MINERAL FUELS, MINERAL OILS AND PRODUCTS OF THEIR DISTILLATION; BITUMINOUS SUBSTANCES; MINERAL WAXES.","1870.12","U S A",2016
"85","ELECTRICAL MACHINERY AND EQUIPMENT AND PARTS THEREOF; SOUND RECORDERS AND REPRODUCERS, TELEVISION IMAGE AND SOUND RECORDERS AND REPRODUCERS,AND PARTS.","1865.96","U S A",2011
"27","MINERAL FUELS, MINERAL OILS AND PRODUCTS OF THEIR DISTILLATION; BITUMINOUS SUBSTANCES; MINERAL WAXES.","1852.69","JAPAN",2014
"84","NUCLEAR REACTORS, BOILERS, MACHINERY AND MECHANICAL APPLIANCES; PARTS THEREOF.","1849.86","U S A",2015
"03","FISH AND CRUSTACEANS, MOLLUSCS AND OTHER AQUATIC INVERTABRATES.","1843.79","VIETNAM SOC REP",2017
"3","FISH AND CRUSTACEANS, MOLLUSCS AND OTHER AQUATIC INVERTABRATES.","1843.79","VIETNAM SOC REP",2017
"29","ORGANIC CHEMICALS","1843.41","U S A",2018
"74","COPPER AND ARTICLES THEREOF.","1841.71","CHINA P RP",2013
"30","PHARMACEUTICAL PRODUCTS","1833.32","U S A",2010
"52","COTTON.","1822.99","BANGLADESH PR",2017
"62","ARTICLES OF APPAREL AND CLOTHING ACCESSORIES, NOT KNITTED OR CROCHETED.","1817.48","U ARAB EMTS",2016
"62","ARTICLES OF APPAREL AND CLOTHING ACCESSORIES, NOT KNITTED OR CROCHETED.","1805.28","U S A",2011
"02","MEAT AND EDIBLE MEAT OFFAL.","1797.45","VIETNAM SOC REP",2013
"2","MEAT AND EDIBLE MEAT OFFAL.","1797.45","VIETNAM SOC REP",2013
"27","MINERAL FUELS, MINERAL OILS AND PRODUCTS OF THEIR DISTILLATION; BITUMINOUS SUBSTANCES; MINERAL WAXES.","1791","SOUTH AFRICA",2012
"27","MINERAL FUELS, MINERAL OILS AND PRODUCTS OF THEIR DISTILLATION; BITUMINOUS SUBSTANCES; MINERAL WAXES.","1787.23","U S A",2012
"85","ELECTRICAL MACHINERY AND EQUIPMENT AND PARTS THEREOF; SOUND RECORDERS AND REPRODUCERS, TELEVISION IMAGE AND SOUND RECORDERS AND REPRODUCERS,AND PARTS.","1786.79","U S A",2018
"52","COTTON.","1786.77","CHINA P RP",2018
"27","MINERAL FUELS, MINERAL OILS AND PRODUCTS OF THEIR DISTILLATION; BITUMINOUS SUBSTANCES; MINERAL WAXES.","1786.11","BANGLADESH PR",2021
"27","MINERAL FUELS, MINERAL OILS AND PRODUCTS OF THEIR DISTILLATION; BITUMINOUS SUBSTANCES; MINERAL WAXES.","1781.43","TAIWAN",2012
"52","COTTON.","1779.64","BANGLADESH PR",2020
"63","OTHER MADE UP TEXTILE ARTICLES; SETS; WORN CLOTHING AND WORN TEXTILE ARTICLES; RAGS","1770.13","U S A",2011
"62","ARTICLES OF APPAREL AND CLOTHING ACCESSORIES, NOT KNITTED OR CROCHETED.","1768.02","U S A",2012
"62","ARTICLES OF APPAREL AND CLOTHING ACCESSORIES, NOT KNITTED OR CROCHETED.","1762.53","U ARAB EMTS",2015
"73","ARTICLES OF IRON OR STEEL","1756.05","U S A",2012
"88","AIRCRAFT, SPACECRAFT, AND PARTS THEREOF.","1745.17","SRI LANKA DSR",2014
"61","ARTICLES OF APPAREL AND CLOTHING ACCESSORIES, KNITTED OR CORCHETED.","1736.79","U S A",2017
"27","MINERAL FUELS, MINERAL OILS AND PRODUCTS OF THEIR DISTILLATION; BITUMINOUS SUBSTANCES; MINERAL WAXES.","1731.7","MOZAMBIQUE",2019
"89","SHIPS, BOATS AND FLOATING STRUCTURES.","1723.5","SINGAPORE",2012
"27","MINERAL FUELS, MINERAL OILS AND PRODUCTS OF THEIR DISTILLATION; BITUMINOUS SUBSTANCES; MINERAL WAXES.","1716.74","SOUTH AFRICA",2013
"85","ELECTRICAL MACHINERY AND EQUIPMENT AND PARTS THEREOF; SOUND RECORDERS AND REPRODUCERS, TELEVISION IMAGE AND SOUND RECORDERS AND REPRODUCERS,AND PARTS.","1713.22","U ARAB EMTS",2018
"73","ARTICLES OF IRON OR STEEL","1712.6","U S A",2014
"02","MEAT AND EDIBLE MEAT OFFAL.","1710.22","VIETNAM SOC REP",2018
"2","MEAT AND EDIBLE MEAT OFFAL.","1710.22","VIETNAM SOC REP",2018
"27","MINERAL FUELS, MINERAL OILS AND PRODUCTS OF THEIR DISTILLATION; BITUMINOUS SUBSTANCES; MINERAL WAXES.","1701.88","ISRAEL",2011
"61","ARTICLES OF APPAREL AND CLOTHING ACCESSORIES, KNITTED OR CORCHETED.","1700.84","U S A",2020
"73","ARTICLES OF IRON OR STEEL","1699.57","U S A",2018
"61","ARTICLES OF APPAREL AND CLOTHING ACCESSORIES, KNITTED OR CORCHETED.","1696.17","U S A",2016
"27","MINERAL FUELS, MINERAL OILS AND PRODUCTS OF THEIR DISTILLATION; BITUMINOUS SUBSTANCES; MINERAL WAXES.","1694.94","ISRAEL",2012
"52","COTTON.","1688.53","CHINA P RP",2015
"61","ARTICLES OF APPAREL AND CLOTHING ACCESSORIES, KNITTED OR CORCHETED.","1675.03","U S A",2015
"87","VEHICLES OTHER THAN RAILWAY OR TRAMWAY ROLLING STOCK, AND PARTS AND ACCESSORIES THEREOF.","1661.69","MEXICO",2019
"61","ARTICLES OF APPAREL AND CLOTHING ACCESSORIES, KNITTED OR CORCHETED.","1661.22","U ARAB EMTS",2015
"13","LAC; GUMS, RESINS AND OTHER VEGETABLE SAPS AND EXTRACTS.","1655.57","U S A",2013
"27","MINERAL FUELS, MINERAL OILS AND PRODUCTS OF THEIR DISTILLATION; BITUMINOUS SUBSTANCES; MINERAL WAXES.","1654.94","KOREA RP",2011
"85","ELECTRICAL MACHINERY AND EQUIPMENT AND PARTS THEREOF; SOUND RECORDERS AND REPRODUCERS, TELEVISION IMAGE AND SOUND RECORDERS AND REPRODUCERS,AND PARTS.","1653.18","U S A",2012
"72","IRON AND STEEL","1650.73","U ARAB EMTS",2021
"52","COTTON.","1649.99","BANGLADESH PR",2019
"26","ORES, SLAG AND ASH.","1648.22","CHINA P RP",2016
"27","MINERAL FUELS, MINERAL OILS AND PRODUCTS OF THEIR DISTILLATION; BITUMINOUS SUBSTANCES; MINERAL WAXES.","1646.13","MOZAMBIQUE",2014
"29","ORGANIC CHEMICALS","1637.82","U S A",2014
"73","ARTICLES OF IRON OR STEEL","1634.04","U S A",2011
"84","NUCLEAR REACTORS, BOILERS, MACHINERY AND MECHANICAL APPLIANCES; PARTS THEREOF.","1627.68","U S A",2012
"27","MINERAL FUELS, MINERAL OILS AND PRODUCTS OF THEIR DISTILLATION; BITUMINOUS SUBSTANCES; MINERAL WAXES.","1627.02","ISRAEL",2021
"27","MINERAL FUELS, MINERAL OILS AND PRODUCTS OF THEIR DISTILLATION; BITUMINOUS SUBSTANCES; MINERAL WAXES.","1625.85","MALAYSIA",2017
"61","ARTICLES OF APPAREL AND CLOTHING ACCESSORIES, KNITTED OR CORCHETED.","1620.15","U S A",2014
"87","VEHICLES OTHER THAN RAILWAY OR TRAMWAY ROLLING STOCK, AND PARTS AND ACCESSORIES THEREOF.","1617.68","MEXICO",2018
"52","COTTON.","1615.07","BANGLADESH PR",2015
"89","SHIPS, BOATS AND FLOATING STRUCTURES.","1614.65","SINGAPORE",2013
"27","MINERAL FUELS, MINERAL OILS AND PRODUCTS OF THEIR DISTILLATION; BITUMINOUS SUBSTANCES; MINERAL WAXES.","1608.52","ISRAEL",2018
"73","ARTICLES OF IRON OR STEEL","1605.5","U S A",2017
"61","ARTICLES OF APPAREL AND CLOTHING ACCESSORIES, KNITTED OR CORCHETED.","1603.03","U ARAB EMTS",2017
"73","ARTICLES OF IRON OR STEEL","1595.94","U S A",2019
"52","COTTON.","1595.12","BANGLADESH PR",2016
"89","SHIPS, BOATS AND FLOATING STRUCTURES.","1593.98","SINGAPORE",2015
"62","ARTICLES OF APPAREL AND CLOTHING ACCESSORIES, NOT KNITTED OR CROCHETED.","1592.05","U S A",2020
"89","SHIPS, BOATS AND FLOATING STRUCTURES.","1590.68","SINGAPORE",2016
"84","NUCLEAR REACTORS, BOILERS, MACHINERY AND MECHANICAL APPLIANCES; PARTS THEREOF.","1589.12","U S A",2013
"84","NUCLEAR REACTORS, BOILERS, MACHINERY AND MECHANICAL APPLIANCES; PARTS THEREOF.","1585.81","U S A",2011
"10","CEREALS.","1584.09","IRAN",2018
"29","ORGANIC CHEMICALS","1581.24","U S A",2017
"27","MINERAL FUELS, MINERAL OILS AND PRODUCTS OF THEIR DISTILLATION; BITUMINOUS SUBSTANCES; MINERAL WAXES.","1580.51","SOUTH AFRICA",2014
"62","ARTICLES OF APPAREL AND CLOTHING ACCESSORIES, NOT KNITTED OR CROCHETED.","1577.75","U S A",2010
"52","COTTON.","1576.84","BANGLADESH PR",2013
"27","MINERAL FUELS, MINERAL OILS AND PRODUCTS OF THEIR DISTILLATION; BITUMINOUS SUBSTANCES; MINERAL WAXES.","1573.07","SAUDI ARAB",2011
"26","ORES, SLAG AND ASH.","1570.59","CHINA P RP",2013
"3","FISH AND CRUSTACEANS, MOLLUSCS AND OTHER AQUATIC INVERTABRATES.","1560.73","U S A",2016
"03","FISH AND CRUSTACEANS, MOLLUSCS AND OTHER AQUATIC INVERTABRATES.","1560.73","U S A",2016
"85","ELECTRICAL MACHINERY AND EQUIPMENT AND PARTS THEREOF; SOUND RECORDERS AND REPRODUCERS, TELEVISION IMAGE AND SOUND RECORDERS AND REPRODUCERS,AND PARTS.","1559.37","U ARAB EMTS",2020
"74","COPPER AND ARTICLES THEREOF.","1548.47","CHINA P RP",2017
"27","MINERAL FUELS, MINERAL OILS AND PRODUCTS OF THEIR DISTILLATION; BITUMINOUS SUBSTANCES; MINERAL WAXES.","1548.21","OMAN",2012
"27","MINERAL FUELS, MINERAL OILS AND PRODUCTS OF THEIR DISTILLATION; BITUMINOUS SUBSTANCES; MINERAL WAXES.","1546.47","MAURITIUS",2014
"29","ORGANIC CHEMICALS","1539.96","U S A",2011
"27","MINERAL FUELS, MINERAL OILS AND PRODUCTS OF THEIR DISTILLATION; BITUMINOUS SUBSTANCES; MINERAL WAXES.","1539.43","KENYA",2015
"27","MINERAL FUELS, MINERAL OILS AND PRODUCTS OF THEIR DISTILLATION; BITUMINOUS SUBSTANCES; MINERAL WAXES.","1536.87","NEPAL",2017
"29","ORGANIC CHEMICALS","1534.94","U S A",2013
"27","MINERAL FUELS, MINERAL OILS AND PRODUCTS OF THEIR DISTILLATION; BITUMINOUS SUBSTANCES; MINERAL WAXES.","1532.46","KOREA RP",2014
"39","PLASTIC AND ARTICLES THEREOF.","1531.55","U S A",2021
"29","ORGANIC CHEMICALS","1531.53","U S A",2012
"52","COTTON.","1524.13","BANGLADESH PR",2014
"72","IRON AND STEEL","1522.17","BELGIUM",2021
"87","VEHICLES OTHER THAN RAILWAY OR TRAMWAY ROLLING STOCK, AND PARTS AND ACCESSORIES THEREOF.","1520.04","MEXICO",2021
"76","ALUMINIUM AND ARTICLES THEREOF.","1519.03","KOREA RP",2021
"27","MINERAL FUELS, MINERAL OILS AND PRODUCTS OF THEIR DISTILLATION; BITUMINOUS SUBSTANCES; MINERAL WAXES.","1515.48","INDONESIA",2013
"62","ARTICLES OF APPAREL AND CLOTHING ACCESSORIES, NOT KNITTED OR CROCHETED.","1507.56","U ARAB EMTS",2014
"27","MINERAL FUELS, MINERAL OILS AND PRODUCTS OF THEIR DISTILLATION; BITUMINOUS SUBSTANCES; MINERAL WAXES.","1507.21","CHINA P RP",2017
"52","COTTON.","1505.76","BANGLADESH PR",2012
"61","ARTICLES OF APPAREL AND CLOTHING ACCESSORIES, KNITTED OR CORCHETED.","1496.97","U S A",2013
"27","MINERAL FUELS, MINERAL OILS AND PRODUCTS OF THEIR DISTILLATION; BITUMINOUS SUBSTANCES; MINERAL WAXES.","1487.64","INDONESIA",2012
"73","ARTICLES OF IRON OR STEEL","1487.23","U S A",2020
"71","NATURAL OR CULTURED PEARLS,PRECIOUS OR SEMIPRECIOUS STONES,PRE.METALS,CLAD WITH PRE.METAL AND ARTCLS THEREOF;IMIT.JEWLRY;COIN.","1474.12","ISRAEL",2021
"72","IRON AND STEEL","1473.86","VIETNAM SOC REP",2021
"27","MINERAL FUELS, MINERAL OILS AND PRODUCTS OF THEIR DISTILLATION; BITUMINOUS SUBSTANCES; MINERAL WAXES.","1470.93","MALAYSIA",2019
"27","MINERAL FUELS, MINERAL OILS AND PRODUCTS OF THEIR DISTILLATION; BITUMINOUS SUBSTANCES; MINERAL WAXES.","1462.68","FRANCE",2012
"71","NATURAL OR CULTURED PEARLS,PRECIOUS OR SEMIPRECIOUS STONES,PRE.METALS,CLAD WITH PRE.METAL AND ARTCLS THEREOF;IMIT.JEWLRY;COIN.","1456.12","ISRAEL",2011
"27","MINERAL FUELS, MINERAL OILS AND PRODUCTS OF THEIR DISTILLATION; BITUMINOUS SUBSTANCES; MINERAL WAXES.","1450.58","ISRAEL",2013
"38","MISCELLANEOUS CHEMICAL PRODUCTS.","1445.67","U S A",2021
"27","MINERAL FUELS, MINERAL OILS AND PRODUCTS OF THEIR DISTILLATION; BITUMINOUS SUBSTANCES; MINERAL WAXES.","1443.41","SAUDI ARAB",2015
"27","MINERAL FUELS, MINERAL OILS AND PRODUCTS OF THEIR DISTILLATION; BITUMINOUS SUBSTANCES; MINERAL WAXES.","1435.63","TANZANIA REP",2014
"84","NUCLEAR REACTORS, BOILERS, MACHINERY AND MECHANICAL APPLIANCES; PARTS THEREOF.","1430.85","GERMANY",2018
"87","VEHICLES OTHER THAN RAILWAY OR TRAMWAY ROLLING STOCK, AND PARTS AND ACCESSORIES THEREOF.","1420.9","U S A",2015
"27","MINERAL FUELS, MINERAL OILS AND PRODUCTS OF THEIR DISTILLATION; BITUMINOUS SUBSTANCES; MINERAL WAXES.","1420.73","MOZAMBIQUE",2021
"27","MINERAL FUELS, MINERAL OILS AND PRODUCTS OF THEIR DISTILLATION; BITUMINOUS SUBSTANCES; MINERAL WAXES.","1420.68","SOUTH AFRICA",2021
"84","NUCLEAR REACTORS, BOILERS, MACHINERY AND MECHANICAL APPLIANCES; PARTS THEREOF.","1419.33","GERMANY",2021
"27","MINERAL FUELS, MINERAL OILS AND PRODUCTS OF THEIR DISTILLATION; BITUMINOUS SUBSTANCES; MINERAL WAXES.","1414.53","NETHERLAND",2016
"27","MINERAL FUELS, MINERAL OILS AND PRODUCTS OF THEIR DISTILLATION; BITUMINOUS SUBSTANCES; MINERAL WAXES.","1414.44","SRI LANKA DSR",2021
"29","ORGANIC CHEMICALS","1413.36","U S A",2015
"72","IRON AND STEEL","1412.19","CHINA P RP",2021
"63","OTHER MADE UP TEXTILE ARTICLES; SETS; WORN CLOTHING AND WORN TEXTILE ARTICLES; RAGS","1404.36","U S A",2010
"29","ORGANIC CHEMICALS","1393.66","U S A",2016
"03","FISH AND CRUSTACEANS, MOLLUSCS AND OTHER AQUATIC INVERTABRATES.","1391.81","U S A",2014
"3","FISH AND CRUSTACEANS, MOLLUSCS AND OTHER AQUATIC INVERTABRATES.","1391.81","U S A",2014
"84","NUCLEAR REACTORS, BOILERS, MACHINERY AND MECHANICAL APPLIANCES; PARTS THEREOF.","1390.82","GERMANY",2017
"94","FURNITURE; BEDDING, MATTRESSES, MATTRESS SUPPORTS, CUSHIONS AND SIMILAR STUFFED FURNISHING; LAMPS AND LIGHTING FITTINGS NOT ELSEWHERE SPECIFIED OR INC","1385.36","U S A",2021
"27","MINERAL FUELS, MINERAL OILS AND PRODUCTS OF THEIR DISTILLATION; BITUMINOUS SUBSTANCES; MINERAL WAXES.","1384.98","NEPAL",2020
"61","ARTICLES OF APPAREL AND CLOTHING ACCESSORIES, KNITTED OR CORCHETED.","1382.82","U S A",2011
"61","ARTICLES OF APPAREL AND CLOTHING ACCESSORIES, KNITTED OR CORCHETED.","1378.95","U S A",2010
"84","NUCLEAR REACTORS, BOILERS, MACHINERY AND MECHANICAL APPLIANCES; PARTS THEREOF.","1375.75","GERMANY",2019
"74","COPPER AND ARTICLES THEREOF.","1365.69","CHINA P RP",2010
"27","MINERAL FUELS, MINERAL OILS AND PRODUCTS OF THEIR DISTILLATION; BITUMINOUS SUBSTANCES; MINERAL WAXES.","1363.12","TURKEY",2014
"71","NATURAL OR CULTURED PEARLS,PRECIOUS OR SEMIPRECIOUS STONES,PRE.METALS,CLAD WITH PRE.METAL AND ARTCLS THEREOF;IMIT.JEWLRY;COIN.","1362.25","BELGIUM",2020
"72","IRON AND STEEL","1361.05","NEPAL",2021
"27","MINERAL FUELS, MINERAL OILS AND PRODUCTS OF THEIR DISTILLATION; BITUMINOUS SUBSTANCES; MINERAL WAXES.","1359.97","AUSTRALIA",2017
"89","SHIPS, BOATS AND FLOATING STRUCTURES.","1357.7","U ARAB EMTS",2018
"73","ARTICLES OF IRON OR STEEL","1357.03","U S A",2010
"3","FISH AND CRUSTACEANS, MOLLUSCS AND OTHER AQUATIC INVERTABRATES.","1353.02","VIETNAM SOC REP",2016
"03","FISH AND CRUSTACEANS, MOLLUSCS AND OTHER AQUATIC INVERTABRATES.","1353.02","VIETNAM SOC REP",2016
"87","VEHICLES OTHER THAN RAILWAY OR TRAMWAY ROLLING STOCK, AND PARTS AND ACCESSORIES THEREOF.","1350.57","MEXICO",2015
"52","COTTON.","1342.55","CHINA P RP",2016
"03","FISH AND CRUSTACEANS, MOLLUSCS AND OTHER AQUATIC INVERTABRATES.","1336.57","CHINA P RP",2019
"73","ARTICLES OF IRON OR STEEL","1328.7","U S A",2013
"61","ARTICLES OF APPAREL AND CLOTHING ACCESSORIES, KNITTED OR CORCHETED.","1327.12","U S A",2012
"85","ELECTRICAL MACHINERY AND EQUIPMENT AND PARTS THEREOF; SOUND RECORDERS AND REPRODUCERS, TELEVISION IMAGE AND SOUND RECORDERS AND REPRODUCERS,AND PARTS.","1324.76","U S A",2017
"13","LAC; GUMS, RESINS AND OTHER VEGETABLE SAPS AND EXTRACTS.","1324.11","U S A",2014
"27","MINERAL FUELS, MINERAL OILS AND PRODUCTS OF THEIR DISTILLATION; BITUMINOUS SUBSTANCES; MINERAL WAXES.","1319.92","KOREA RP",2010
"87","VEHICLES OTHER THAN RAILWAY OR TRAMWAY ROLLING STOCK, AND PARTS AND ACCESSORIES THEREOF.","1318.16","SOUTH AFRICA",2021
"71","NATURAL OR CULTURED PEARLS,PRECIOUS OR SEMIPRECIOUS STONES,PRE.METALS,CLAD WITH PRE.METAL AND ARTCLS THEREOF;IMIT.JEWLRY;COIN.","1315.25","ISRAEL",2013
"27","MINERAL FUELS, MINERAL OILS AND PRODUCTS OF THEIR DISTILLATION; BITUMINOUS SUBSTANCES; MINERAL WAXES.","1311.37","BRAZIL",2021
"88","AIRCRAFT, SPACECRAFT, AND PARTS THEREOF.","1308.92","SRI LANKA DSR",2015
"89","SHIPS, BOATS AND FLOATING STRUCTURES.","1307.84","U ARAB EMTS",2019
"27","MINERAL FUELS, MINERAL OILS AND PRODUCTS OF THEIR DISTILLATION; BITUMINOUS SUBSTANCES; MINERAL WAXES.","1302.99","NEPAL",2014
"85","ELECTRICAL MACHINERY AND EQUIPMENT AND PARTS THEREOF; SOUND RECORDERS AND REPRODUCERS, TELEVISION IMAGE AND SOUND RECORDERS AND REPRODUCERS,AND PARTS.","1301.17","U S A",2013
"10","CEREALS.","1299.89","SAUDI ARAB",2014
"27","MINERAL FUELS, MINERAL OILS AND PRODUCTS OF THEIR DISTILLATION; BITUMINOUS SUBSTANCES; MINERAL WAXES.","1297.21","ISRAEL",2019
"85","ELECTRICAL MACHINERY AND EQUIPMENT AND PARTS THEREOF; SOUND RECORDERS AND REPRODUCERS, TELEVISION IMAGE AND SOUND RECORDERS AND REPRODUCERS,AND PARTS.","1296.65","U S A",2010
"27","MINERAL FUELS, MINERAL OILS AND PRODUCTS OF THEIR DISTILLATION; BITUMINOUS SUBSTANCES; MINERAL WAXES.","1290.59","CHINA P RP",2014
"87","VEHICLES OTHER THAN RAILWAY OR TRAMWAY ROLLING STOCK, AND PARTS AND ACCESSORIES THEREOF.","1287.74","U S A",2014
"27","MINERAL FUELS, MINERAL OILS AND PRODUCTS OF THEIR DISTILLATION; BITUMINOUS SUBSTANCES; MINERAL WAXES.","1286.66","OMAN",2013
"27","MINERAL FUELS, MINERAL OILS AND PRODUCTS OF THEIR DISTILLATION; BITUMINOUS SUBSTANCES; MINERAL WAXES.","1285.65","GIBRALTAR",2016
"57","CARPETS AND OTHER TEXTILE FLOOR COVERINGS.","1281.29","U S A",2021
"38","MISCELLANEOUS CHEMICAL PRODUCTS.","1280.83","BRAZIL",2021
"52","COTTON.","1277.24","CHINA P RP",2020
"27","MINERAL FUELS, MINERAL OILS AND PRODUCTS OF THEIR DISTILLATION; BITUMINOUS SUBSTANCES; MINERAL WAXES.","1276.86","U S A",2011
"76","ALUMINIUM AND ARTICLES THEREOF.","1273.17","CHINA P RP",2021
"76","ALUMINIUM AND ARTICLES THEREOF.","1272.78","MALAYSIA",2019
"85","ELECTRICAL MACHINERY AND EQUIPMENT AND PARTS THEREOF; SOUND RECORDERS AND REPRODUCERS, TELEVISION IMAGE AND SOUND RECORDERS AND REPRODUCERS,AND PARTS.","1266.95","U S A",2014
"27","MINERAL FUELS, MINERAL OILS AND PRODUCTS OF THEIR DISTILLATION; BITUMINOUS SUBSTANCES; MINERAL WAXES.","1266.27","TAIWAN",2010
"73","ARTICLES OF IRON OR STEEL","1263.6","U S A",2016
"89","SHIPS, BOATS AND FLOATING STRUCTURES.","1263.33","SINGAPORE",2020
"27","MINERAL FUELS, MINERAL OILS AND PRODUCTS OF THEIR DISTILLATION; BITUMINOUS SUBSTANCES; MINERAL WAXES.","1262.58","OMAN",2016
"29","ORGANIC CHEMICALS","1260.86","U S A",2010
"26","ORES, SLAG AND ASH.","1259.79","CHINA P RP",2017
"10","CEREALS.","1254.75","IRAN",2019
"52","COTTON.","1254.72","CHINA P RP",2021
"27","MINERAL FUELS, MINERAL OILS AND PRODUCTS OF THEIR DISTILLATION; BITUMINOUS SUBSTANCES; MINERAL WAXES.","1253.98","TANZANIA REP",2012
"10","CEREALS.","1247.25","IRAN",2012
"27","MINERAL FUELS, MINERAL OILS AND PRODUCTS OF THEIR DISTILLATION; BITUMINOUS SUBSTANCES; MINERAL WAXES.","1246.04","MALAYSIA",2014
"10","CEREALS.","1240.05","SAUDI ARAB",2013
"10","CEREALS.","1239.72","IRAN",2014
"27","MINERAL FUELS, MINERAL OILS AND PRODUCTS OF THEIR DISTILLATION; BITUMINOUS SUBSTANCES; MINERAL WAXES.","1233.3","NIGERIA",2021
"73","ARTICLES OF IRON OR STEEL","1232.51","U S A",2015
"27","MINERAL FUELS, MINERAL OILS AND PRODUCTS OF THEIR DISTILLATION; BITUMINOUS SUBSTANCES; MINERAL WAXES.","1230.31","MALAYSIA",2020
"27","MINERAL FUELS, MINERAL OILS AND PRODUCTS OF THEIR DISTILLATION; BITUMINOUS SUBSTANCES; MINERAL WAXES.","1225.81","TURKEY",2016
"3","FISH AND CRUSTACEANS, MOLLUSCS AND OTHER AQUATIC INVERTABRATES.","1225.07","U S A",2013
"03","FISH AND CRUSTACEANS, MOLLUSCS AND OTHER AQUATIC INVERTABRATES.","1225.07","U S A",2013
"27","MINERAL FUELS, MINERAL OILS AND PRODUCTS OF THEIR DISTILLATION; BITUMINOUS SUBSTANCES; MINERAL WAXES.","1224.27","UNSPECIFIED",2021
"76","ALUMINIUM AND ARTICLES THEREOF.","1223.96","MALAYSIA",2020
"26","ORES, SLAG AND ASH.","1220.22","CHINA P RP",2018
"89","SHIPS, BOATS AND FLOATING STRUCTURES.","1217.82","U ARAB EMTS",2011
"62","ARTICLES OF APPAREL AND CLOTHING ACCESSORIES, NOT KNITTED OR CROCHETED.","1214.35","U ARAB EMTS",2017
"3","FISH AND CRUSTACEANS, MOLLUSCS AND OTHER AQUATIC INVERTABRATES.","1212.87","U S A",2015
"03","FISH AND CRUSTACEANS, MOLLUSCS AND OTHER AQUATIC INVERTABRATES.","1212.87","U S A",2015
"71","NATURAL OR CULTURED PEARLS,PRECIOUS OR SEMIPRECIOUS STONES,PRE.METALS,CLAD WITH PRE.METAL AND ARTCLS THEREOF;IMIT.JEWLRY;COIN.","1211.66","UNSPECIFIED",2011
"74","COPPER AND ARTICLES THEREOF.","1210.61","CHINA P RP",2021
"27","MINERAL FUELS, MINERAL OILS AND PRODUCTS OF THEIR DISTILLATION; BITUMINOUS SUBSTANCES; MINERAL WAXES.","1209.58","TURKEY",2018
"87","VEHICLES OTHER THAN RAILWAY OR TRAMWAY ROLLING STOCK, AND PARTS AND ACCESSORIES THEREOF.","1207.96","MEXICO",2020
"72","IRON AND STEEL","1198.34","TURKEY",2021
"87","VEHICLES OTHER THAN RAILWAY OR TRAMWAY ROLLING STOCK, AND PARTS AND ACCESSORIES THEREOF.","1195.45","U S A",2016
"27","MINERAL FUELS, MINERAL OILS AND PRODUCTS OF THEIR DISTILLATION; BITUMINOUS SUBSTANCES; MINERAL WAXES.","1194.33","KOREA RP",2012
"71","NATURAL OR CULTURED PEARLS,PRECIOUS OR SEMIPRECIOUS STONES,PRE.METALS,CLAD WITH PRE.METAL AND ARTCLS THEREOF;IMIT.JEWLRY;COIN.","1183.21","ISRAEL",2014
"27","MINERAL FUELS, MINERAL OILS AND PRODUCTS OF THEIR DISTILLATION; BITUMINOUS SUBSTANCES; MINERAL WAXES.","1182.22","GIBRALTAR",2015
"89","SHIPS, BOATS AND FLOATING STRUCTURES.","1181.39","U ARAB EMTS",2014
"27","MINERAL FUELS, MINERAL OILS AND PRODUCTS OF THEIR DISTILLATION; BITUMINOUS SUBSTANCES; MINERAL WAXES.","1178.94","FRANCE",2013
"27","MINERAL FUELS, MINERAL OILS AND PRODUCTS OF THEIR DISTILLATION; BITUMINOUS SUBSTANCES; MINERAL WAXES.","1178.8","JAPAN",2015
"27","MINERAL FUELS, MINERAL OILS AND PRODUCTS OF THEIR DISTILLATION; BITUMINOUS SUBSTANCES; MINERAL WAXES.","1175.79","NEPAL",2013
"27","MINERAL FUELS, MINERAL OILS AND PRODUCTS OF THEIR DISTILLATION; BITUMINOUS SUBSTANCES; MINERAL WAXES.","1173.19","CHINA P RP",2011
"27","MINERAL FUELS, MINERAL OILS AND PRODUCTS OF THEIR DISTILLATION; BITUMINOUS SUBSTANCES; MINERAL WAXES.","1170.1","NEPAL",2012
"27","MINERAL FUELS, MINERAL OILS AND PRODUCTS OF THEIR DISTILLATION; BITUMINOUS SUBSTANCES; MINERAL WAXES.","1165.81","ISRAEL",2010
"71","NATURAL OR CULTURED PEARLS,PRECIOUS OR SEMIPRECIOUS STONES,PRE.METALS,CLAD WITH PRE.METAL AND ARTCLS THEREOF;IMIT.JEWLRY;COIN.","1163.97","THAILAND",2021
"85","ELECTRICAL MACHINERY AND EQUIPMENT AND PARTS THEREOF; SOUND RECORDERS AND REPRODUCERS, TELEVISION IMAGE AND SOUND RECORDERS AND REPRODUCERS,AND PARTS.","1160.94","U S A",2015
"89","SHIPS, BOATS AND FLOATING STRUCTURES.","1160.27","U ARAB EMTS",2017
"61","ARTICLES OF APPAREL AND CLOTHING ACCESSORIES, KNITTED OR CORCHETED.","1159.74","U ARAB EMTS",2018
"71","NATURAL OR CULTURED PEARLS,PRECIOUS OR SEMIPRECIOUS STONES,PRE.METALS,CLAD WITH PRE.METAL AND ARTCLS THEREOF;IMIT.JEWLRY;COIN.","1158.73","ISRAEL",2012
"27","MINERAL FUELS, MINERAL OILS AND PRODUCTS OF THEIR DISTILLATION; BITUMINOUS SUBSTANCES; MINERAL WAXES.","1155.92","AUSTRALIA",2015
"27","MINERAL FUELS, MINERAL OILS AND PRODUCTS OF THEIR DISTILLATION; BITUMINOUS SUBSTANCES; MINERAL WAXES.","1155.37","U S A",2020
"84","NUCLEAR REACTORS, BOILERS, MACHINERY AND MECHANICAL APPLIANCES; PARTS THEREOF.","1155.15","GERMANY",2020
"85","ELECTRICAL MACHINERY AND EQUIPMENT AND PARTS THEREOF; SOUND RECORDERS AND REPRODUCERS, TELEVISION IMAGE AND SOUND RECORDERS AND REPRODUCERS,AND PARTS.","1150.85","U S A",2016
"87","VEHICLES OTHER THAN RAILWAY OR TRAMWAY ROLLING STOCK, AND PARTS AND ACCESSORIES THEREOF.","1146.35","BANGLADESH PR",2018
"74","COPPER AND ARTICLES THEREOF.","1144.1","CHINA P RP",2015
"61","ARTICLES OF APPAREL AND CLOTHING ACCESSORIES, KNITTED OR CORCHETED.","1142.7","U ARAB EMTS",2014
"84","NUCLEAR REACTORS, BOILERS, MACHINERY AND MECHANICAL APPLIANCES; PARTS THEREOF.","1140.68","U S A",2010
"72","IRON AND STEEL","1140.02","NEPAL",2018
"27","MINERAL FUELS, MINERAL OILS AND PRODUCTS OF THEIR DISTILLATION; BITUMINOUS SUBSTANCES; MINERAL WAXES.","1135.95","AUSTRALIA",2020
"27","MINERAL FUELS, MINERAL OILS AND PRODUCTS OF THEIR DISTILLATION; BITUMINOUS SUBSTANCES; MINERAL WAXES.","1125.76","MAURITIUS",2011
"27","MINERAL FUELS, MINERAL OILS AND PRODUCTS OF THEIR DISTILLATION; BITUMINOUS SUBSTANCES; MINERAL WAXES.","1123.05","UNSPECIFIED",2012
"89","SHIPS, BOATS AND FLOATING STRUCTURES.","1122.1","U ARAB EMTS",2016
"27","MINERAL FUELS, MINERAL OILS AND PRODUCTS OF THEIR DISTILLATION; BITUMINOUS SUBSTANCES; MINERAL WAXES.","1116.48","KOREA RP",2013
"27","MINERAL FUELS, MINERAL OILS AND PRODUCTS OF THEIR DISTILLATION; BITUMINOUS SUBSTANCES; MINERAL WAXES.","1115.72","NEPAL",2016
"39","PLASTIC AND ARTICLES THEREOF.","1104.52","CHINA P RP",2018
"76","ALUMINIUM AND ARTICLES THEREOF.","1103.45","U S A",2021
"27","MINERAL FUELS, MINERAL OILS AND PRODUCTS OF THEIR DISTILLATION; BITUMINOUS SUBSTANCES; MINERAL WAXES.","1101.94","U K",2013
"72","IRON AND STEEL","1098.14","VIETNAM SOC REP",2019
"84","NUCLEAR REACTORS, BOILERS, MACHINERY AND MECHANICAL APPLIANCES; PARTS THEREOF.","1096.48","THAILAND",2021
"03","FISH AND CRUSTACEANS, MOLLUSCS AND OTHER AQUATIC INVERTABRATES.","1092.75","CHINA P RP",2021
"3","FISH AND CRUSTACEANS, MOLLUSCS AND OTHER AQUATIC INVERTABRATES.","1091.41","VIETNAM SOC REP",2014
"03","FISH AND CRUSTACEANS, MOLLUSCS AND OTHER AQUATIC INVERTABRATES.","1091.41","VIETNAM SOC REP",2014
"27","MINERAL FUELS, MINERAL OILS AND PRODUCTS OF THEIR DISTILLATION; BITUMINOUS SUBSTANCES; MINERAL WAXES.","1090.83","TAIWAN",2018
"52","COTTON.","1081.39","BANGLADESH PR",2010
"29","ORGANIC CHEMICALS","1080.43","NETHERLAND",2021
"52","COTTON.","1076.74","BANGLADESH PR",2011
"27","MINERAL FUELS, MINERAL OILS AND PRODUCTS OF THEIR DISTILLATION; BITUMINOUS SUBSTANCES; MINERAL WAXES.","1075.99","TURKEY",2012
"29","ORGANIC CHEMICALS","1075.24","SAUDI ARAB",2021
"76","ALUMINIUM AND ARTICLES THEREOF.","1074.29","KOREA RP",2020
"02","MEAT AND EDIBLE MEAT OFFAL.","1071.7","VIETNAM SOC REP",2019
"88","AIRCRAFT, SPACECRAFT, AND PARTS THEREOF.","1068.95","U ARAB EMTS",2014
"89","SHIPS, BOATS AND FLOATING STRUCTURES.","1068.58","U ARAB EMTS",2013
"84","NUCLEAR REACTORS, BOILERS, MACHINERY AND MECHANICAL APPLIANCES; PARTS THEREOF.","1067.53","CHINA P RP",2021
"10","CEREALS.","1067.37","SAUDI ARAB",2020
"57","CARPETS AND OTHER TEXTILE FLOOR COVERINGS.","1063.37","U S A",2020
"84","NUCLEAR REACTORS, BOILERS, MACHINERY AND MECHANICAL APPLIANCES; PARTS THEREOF.","1063.26","U K",2018
"27","MINERAL FUELS, MINERAL OILS AND PRODUCTS OF THEIR DISTILLATION; BITUMINOUS SUBSTANCES; MINERAL WAXES.","1062.97","KOREA RP",2019
"27","MINERAL FUELS, MINERAL OILS AND PRODUCTS OF THEIR DISTILLATION; BITUMINOUS SUBSTANCES; MINERAL WAXES.","1061.84","KENYA",2010
"89","SHIPS, BOATS AND FLOATING STRUCTURES.","1061.05","U ARAB EMTS",2021
"88","AIRCRAFT, SPACECRAFT, AND PARTS THEREOF.","1060.36","U ARAB EMTS",2013
"87","VEHICLES OTHER THAN RAILWAY OR TRAMWAY ROLLING STOCK, AND PARTS AND ACCESSORIES THEREOF.","1058.83","U S A",2013
"84","NUCLEAR REACTORS, BOILERS, MACHINERY AND MECHANICAL APPLIANCES; PARTS THEREOF.","1057.66","U K",2021
"27","MINERAL FUELS, MINERAL OILS AND PRODUCTS OF THEIR DISTILLATION; BITUMINOUS SUBSTANCES; MINERAL WAXES.","1051.5","ISRAEL",2017
"27","MINERAL FUELS, MINERAL OILS AND PRODUCTS OF THEIR DISTILLATION; BITUMINOUS SUBSTANCES; MINERAL WAXES.","1049.34","ISRAEL",2014
"27","MINERAL FUELS, MINERAL OILS AND PRODUCTS OF THEIR DISTILLATION; BITUMINOUS SUBSTANCES; MINERAL WAXES.","1047.67","NETHERLAND",2015
"27","MINERAL FUELS, MINERAL OILS AND PRODUCTS OF THEIR DISTILLATION; BITUMINOUS SUBSTANCES; MINERAL WAXES.","1046.55","CHINA P RP",2020
"29","ORGANIC CHEMICALS","1045.4","CHINA P RP",2014
"10","CEREALS.","1044.97","SAUDI ARAB",2018
"87","VEHICLES OTHER THAN RAILWAY OR TRAMWAY ROLLING STOCK, AND PARTS AND ACCESSORIES THEREOF.","1037.35","SOUTH AFRICA",2012
"85","ELECTRICAL MACHINERY AND EQUIPMENT AND PARTS THEREOF; SOUND RECORDERS AND REPRODUCERS, TELEVISION IMAGE AND SOUND RECORDERS AND REPRODUCERS,AND PARTS.","1035.73","U ARAB EMTS",2013
"27","MINERAL FUELS, MINERAL OILS AND PRODUCTS OF THEIR DISTILLATION; BITUMINOUS SUBSTANCES; MINERAL WAXES.","1034.06","BANGLADESH PR",2018
"72","IRON AND STEEL","1033.71","ITALY",2017
"71","NATURAL OR CULTURED PEARLS,PRECIOUS OR SEMIPRECIOUS STONES,PRE.METALS,CLAD WITH PRE.METAL AND ARTCLS THEREOF;IMIT.JEWLRY;COIN.","1031.34","ISRAEL",2017
"87","VEHICLES OTHER THAN RAILWAY OR TRAMWAY ROLLING STOCK, AND PARTS AND ACCESSORIES THEREOF.","1030.96","SOUTH AFRICA",2019
"27","MINERAL FUELS, MINERAL OILS AND PRODUCTS OF THEIR DISTILLATION; BITUMINOUS SUBSTANCES; MINERAL WAXES.","1030.84","OMAN",2021
"27","MINERAL FUELS, MINERAL OILS AND PRODUCTS OF THEIR DISTILLATION; BITUMINOUS SUBSTANCES; MINERAL WAXES.","1030.61","BANGLADESH PR",2020
"72","IRON AND STEEL","1030.43","VIETNAM SOC REP",2020
"61","ARTICLES OF APPAREL AND CLOTHING ACCESSORIES, KNITTED OR CORCHETED.","1030.36","U ARAB EMTS",2019
"87","VEHICLES OTHER THAN RAILWAY OR TRAMWAY ROLLING STOCK, AND PARTS AND ACCESSORIES THEREOF.","1027.08","MEXICO",2014
"27","MINERAL FUELS, MINERAL OILS AND PRODUCTS OF THEIR DISTILLATION; BITUMINOUS SUBSTANCES; MINERAL WAXES.","1025.76","MAURITIUS",2012
"84","NUCLEAR REACTORS, BOILERS, MACHINERY AND MECHANICAL APPLIANCES; PARTS THEREOF.","1024.79","U K",2019
"10","CEREALS.","1024.24","SAUDI ARAB",2019
"27","MINERAL FUELS, MINERAL OILS AND PRODUCTS OF THEIR DISTILLATION; BITUMINOUS SUBSTANCES; MINERAL WAXES.","1022.88","CHINA P RP",2013
"29","ORGANIC CHEMICALS","1019.64","CHINA P RP",2012
"84","NUCLEAR REACTORS, BOILERS, MACHINERY AND MECHANICAL APPLIANCES; PARTS THEREOF.","1018.49","U K",2017
"27","MINERAL FUELS, MINERAL OILS AND PRODUCTS OF THEIR DISTILLATION; BITUMINOUS SUBSTANCES; MINERAL WAXES.","1018.4","ISRAEL",2016
"27","MINERAL FUELS, MINERAL OILS AND PRODUCTS OF THEIR DISTILLATION; BITUMINOUS SUBSTANCES; MINERAL WAXES.","1017.73","OMAN",2015
"27","MINERAL FUELS, MINERAL OILS AND PRODUCTS OF THEIR DISTILLATION; BITUMINOUS SUBSTANCES; MINERAL WAXES.","1017.21","FRANCE",2011
"87","VEHICLES OTHER THAN RAILWAY OR TRAMWAY ROLLING STOCK, AND PARTS AND ACCESSORIES THEREOF.","1015.37","SRI LANKA DSR",2011
"27","MINERAL FUELS, MINERAL OILS AND PRODUCTS OF THEIR DISTILLATION; BITUMINOUS SUBSTANCES; MINERAL WAXES.","1014.53","TOGO",2020
"27","MINERAL FUELS, MINERAL OILS AND PRODUCTS OF THEIR DISTILLATION; BITUMINOUS SUBSTANCES; MINERAL WAXES.","1014.39","OMAN",2017
"27","MINERAL FUELS, MINERAL OILS AND PRODUCTS OF THEIR DISTILLATION; BITUMINOUS SUBSTANCES; MINERAL WAXES.","1009.43","NEPAL",2011
"87","VEHICLES OTHER THAN RAILWAY OR TRAMWAY ROLLING STOCK, AND PARTS AND ACCESSORIES THEREOF.","1009.3","BANGLADESH PR",2017
"87","VEHICLES OTHER THAN RAILWAY OR TRAMWAY ROLLING STOCK, AND PARTS AND ACCESSORIES THEREOF.","1007.76","U S A",2012
"71","NATURAL OR CULTURED PEARLS,PRECIOUS OR SEMIPRECIOUS STONES,PRE.METALS,CLAD WITH PRE.METAL AND ARTCLS THEREOF;IMIT.JEWLRY;COIN.","1006.88","ISRAEL",2018
"10","CEREALS.","1004.67","BANGLADESH PR",2020
"52","COTTON.","1003.28","CHINA P RP",2017
"71","NATURAL OR CULTURED PEARLS,PRECIOUS OR SEMIPRECIOUS STONES,PRE.METALS,CLAD WITH PRE.METAL AND ARTCLS THEREOF;IMIT.JEWLRY;COIN.","1003.05","ISRAEL",2015
"71","NATURAL OR CULTURED PEARLS,PRECIOUS OR SEMIPRECIOUS STONES,PRE.METALS,CLAD WITH PRE.METAL AND ARTCLS THEREOF;IMIT.JEWLRY;COIN.","999.4","ISRAEL",2016
"84","NUCLEAR REACTORS, BOILERS, MACHINERY AND MECHANICAL APPLIANCES; PARTS THEREOF.","990.66","SINGAPORE",2021
"03","FISH AND CRUSTACEANS, MOLLUSCS AND OTHER AQUATIC INVERTABRATES.","988.04","VIETNAM SOC REP",2018
"3","FISH AND CRUSTACEANS, MOLLUSCS AND OTHER AQUATIC INVERTABRATES.","988.04","VIETNAM SOC REP",2018
"27","MINERAL FUELS, MINERAL OILS AND PRODUCTS OF THEIR DISTILLATION; BITUMINOUS SUBSTANCES; MINERAL WAXES.","987.55","KOREA RP",2016
"85","ELECTRICAL MACHINERY AND EQUIPMENT AND PARTS THEREOF; SOUND RECORDERS AND REPRODUCERS, TELEVISION IMAGE AND SOUND RECORDERS AND REPRODUCERS,AND PARTS.","983.26","U K",2021
"72","IRON AND STEEL","982.89","NEPAL",2019
"27","MINERAL FUELS, MINERAL OILS AND PRODUCTS OF THEIR DISTILLATION; BITUMINOUS SUBSTANCES; MINERAL WAXES.","981.8","JAPAN",2021
"85","ELECTRICAL MACHINERY AND EQUIPMENT AND PARTS THEREOF; SOUND RECORDERS AND REPRODUCERS, TELEVISION IMAGE AND SOUND RECORDERS AND REPRODUCERS,AND PARTS.","974.56","U ARAB EMTS",2011
"03","FISH AND CRUSTACEANS, MOLLUSCS AND OTHER AQUATIC INVERTABRATES.","964.58","VIETNAM SOC REP",2013
"3","FISH AND CRUSTACEANS, MOLLUSCS AND OTHER AQUATIC INVERTABRATES.","964.58","VIETNAM SOC REP",2013
"71","NATURAL OR CULTURED PEARLS,PRECIOUS OR SEMIPRECIOUS STONES,PRE.METALS,CLAD WITH PRE.METAL AND ARTCLS THEREOF;IMIT.JEWLRY;COIN.","960.78","ISRAEL",2010
"27","MINERAL FUELS, MINERAL OILS AND PRODUCTS OF THEIR DISTILLATION; BITUMINOUS SUBSTANCES; MINERAL WAXES.","960.32","U S A",2010
"87","VEHICLES OTHER THAN RAILWAY OR TRAMWAY ROLLING STOCK, AND PARTS AND ACCESSORIES THEREOF.","956.14","SOUTH AFRICA",2013
"62","ARTICLES OF APPAREL AND CLOTHING ACCESSORIES, NOT KNITTED OR CROCHETED.","955.88","U K",2014
"27","MINERAL FUELS, MINERAL OILS AND PRODUCTS OF THEIR DISTILLATION; BITUMINOUS SUBSTANCES; MINERAL WAXES.","951.27","TAIWAN",2014
"10","CEREALS.","949.72","IRAN",2017
"39","PLASTIC AND ARTICLES THEREOF.","949.2","CHINA P RP",2020
"62","ARTICLES OF APPAREL AND CLOTHING ACCESSORIES, NOT KNITTED OR CROCHETED.","947.94","U ARAB EMTS",2013
"27","MINERAL FUELS, MINERAL OILS AND PRODUCTS OF THEIR DISTILLATION; BITUMINOUS SUBSTANCES; MINERAL WAXES.","945.43","TANZANIA REP",2016
"02","MEAT AND EDIBLE MEAT OFFAL.","945.18","VIETNAM SOC REP",2012
"2","MEAT AND EDIBLE MEAT OFFAL.","945.18","VIETNAM SOC REP",2012
"72","IRON AND STEEL","938.24","ITALY",2020
"27","MINERAL FUELS, MINERAL OILS AND PRODUCTS OF THEIR DISTILLATION; BITUMINOUS SUBSTANCES; MINERAL WAXES.","935.91","OMAN",2014
"89","SHIPS, BOATS AND FLOATING STRUCTURES.","935.08","MALAYSIA",2014
"27","MINERAL FUELS, MINERAL OILS AND PRODUCTS OF THEIR DISTILLATION; BITUMINOUS SUBSTANCES; MINERAL WAXES.","933.52","TURKEY",2017
"89","SHIPS, BOATS AND FLOATING STRUCTURES.","933.44","SOUTH AFRICA",2010
"85","ELECTRICAL MACHINERY AND EQUIPMENT AND PARTS THEREOF; SOUND RECORDERS AND REPRODUCERS, TELEVISION IMAGE AND SOUND RECORDERS AND REPRODUCERS,AND PARTS.","931.63","GERMANY",2021
"88","AIRCRAFT, SPACECRAFT, AND PARTS THEREOF.","931.48","SRI LANKA DSR",2013
"89","SHIPS, BOATS AND FLOATING STRUCTURES.","931.3","SINGAPORE",2019
"72","IRON AND STEEL","930.79","NEPAL",2020
"10","CEREALS.","927.02","SAUDI ARAB",2015
"38","MISCELLANEOUS CHEMICAL PRODUCTS.","926.4","BRAZIL",2020
"57","CARPETS AND OTHER TEXTILE FLOOR COVERINGS.","925.08","U S A",2018
"10","CEREALS.","924.26","BANGLADESH PR",2013
"68","ARTICLES OF STONE, PLASTER, CEMENT, ASBESTOS, MICA OR SIMILAR MATERIALS.","923.36","U S A",2021
"76","ALUMINIUM AND ARTICLES THEREOF.","922.64","KOREA RP",2019
"87","VEHICLES OTHER THAN RAILWAY OR TRAMWAY ROLLING STOCK, AND PARTS AND ACCESSORIES THEREOF.","919.68","U S A",2011
"29","ORGANIC CHEMICALS","918.77","CHINA P RP",2013
"87","VEHICLES OTHER THAN RAILWAY OR TRAMWAY ROLLING STOCK, AND PARTS AND ACCESSORIES THEREOF.","916.26","BANGLADESH PR",2021
"27","MINERAL FUELS, MINERAL OILS AND PRODUCTS OF THEIR DISTILLATION; BITUMINOUS SUBSTANCES; MINERAL WAXES.","915.44","MALAYSIA",2016
"71","NATURAL OR CULTURED PEARLS,PRECIOUS OR SEMIPRECIOUS STONES,PRE.METALS,CLAD WITH PRE.METAL AND ARTCLS THEREOF;IMIT.JEWLRY;COIN.","914.17","ISRAEL",2019
"61","ARTICLES OF APPAREL AND CLOTHING ACCESSORIES, KNITTED OR CORCHETED.","914.14","U ARAB EMTS",2020
"62","ARTICLES OF APPAREL AND CLOTHING ACCESSORIES, NOT KNITTED OR CROCHETED.","913.12","U K",2011
"62","ARTICLES OF APPAREL AND CLOTHING ACCESSORIES, NOT KNITTED OR CROCHETED.","913.09","U ARAB EMTS",2021
"61","ARTICLES OF APPAREL AND CLOTHING ACCESSORIES, KNITTED OR CORCHETED.","911.82","U ARAB EMTS",2021
"25","SALT; SULPHUR; EARTHS AND STONE; PLASTERING MATERIALS, LIME AND CEMENT.","911.02","CHINA P RP",2021
"76","ALUMINIUM AND ARTICLES THEREOF.","909.65","MALAYSIA",2018
"27","MINERAL FUELS, MINERAL OILS AND PRODUCTS OF THEIR DISTILLATION; BITUMINOUS SUBSTANCES; MINERAL WAXES.","909.28","KOREA RP",2018
"10","CEREALS.","908.03","SAUDI ARAB",2017
"57","CARPETS AND OTHER TEXTILE FLOOR COVERINGS.","906.03","U S A",2019
"62","ARTICLES OF APPAREL AND CLOTHING ACCESSORIES, NOT KNITTED OR CROCHETED.","905.79","U K",2015
"17","SUGARS AND SUGAR CONFECTIONERY.","904.32","INDONESIA",2021
"27","MINERAL FUELS, MINERAL OILS AND PRODUCTS OF THEIR DISTILLATION; BITUMINOUS SUBSTANCES; MINERAL WAXES.","904.15","SOUTH AFRICA",2016
"89","SHIPS, BOATS AND FLOATING STRUCTURES.","903.76","U S A",2011
"85","ELECTRICAL MACHINERY AND EQUIPMENT AND PARTS THEREOF; SOUND RECORDERS AND REPRODUCERS, TELEVISION IMAGE AND SOUND RECORDERS AND REPRODUCERS,AND PARTS.","903.61","U ARAB EMTS",2012
"61","ARTICLES OF APPAREL AND CLOTHING ACCESSORIES, KNITTED OR CORCHETED.","903.34","U K",2014
"84","NUCLEAR REACTORS, BOILERS, MACHINERY AND MECHANICAL APPLIANCES; PARTS THEREOF.","902.74","U ARAB EMTS",2021
"29","ORGANIC CHEMICALS","901.95","CHINA P RP",2011
"94","FURNITURE; BEDDING, MATTRESSES, MATTRESS SUPPORTS, CUSHIONS AND SIMILAR STUFFED FURNISHING; LAMPS AND LIGHTING FITTINGS NOT ELSEWHERE SPECIFIED OR INC","901.08","U S A",2020
"39","PLASTIC AND ARTICLES THEREOF.","900.99","U S A",2020
"72","IRON AND STEEL","898.53","U S A",2021
"61","ARTICLES OF APPAREL AND CLOTHING ACCESSORIES, KNITTED OR CORCHETED.","896.63","U K",2015
"10","CEREALS.","896.1","U ARAB EMTS",2011
"76","ALUMINIUM AND ARTICLES THEREOF.","892.93","TURKEY",2021
"72","IRON AND STEEL","887.32","ITALY",2018
"40","RUBBER AND ARTICLES THEREOF.","886.84","U S A",2021
"29","ORGANIC CHEMICALS","884.43","BELGIUM",2021
"3","FISH AND CRUSTACEANS, MOLLUSCS AND OTHER AQUATIC INVERTABRATES.","883.62","VIETNAM SOC REP",2015
"03","FISH AND CRUSTACEANS, MOLLUSCS AND OTHER AQUATIC INVERTABRATES.","883.62","VIETNAM SOC REP",2015
"29","ORGANIC CHEMICALS","882.22","CHINA P RP",2016
"27","MINERAL FUELS, MINERAL OILS AND PRODUCTS OF THEIR DISTILLATION; BITUMINOUS SUBSTANCES; MINERAL WAXES.","880.79","KENYA",2011
"72","IRON AND STEEL","880.5","NEPAL",2017
"87","VEHICLES OTHER THAN RAILWAY OR TRAMWAY ROLLING STOCK, AND PARTS AND ACCESSORIES THEREOF.","879.42","SOUTH AFRICA",2017
"87","VEHICLES OTHER THAN RAILWAY OR TRAMWAY ROLLING STOCK, AND PARTS AND ACCESSORIES THEREOF.","878.43","SOUTH AFRICA",2014
"27","MINERAL FUELS, MINERAL OILS AND PRODUCTS OF THEIR DISTILLATION; BITUMINOUS SUBSTANCES; MINERAL WAXES.","877.61","MOZAMBIQUE",2015
"39","PLASTIC AND ARTICLES THEREOF.","876.93","U S A",2019
"15","ANIMAL OR VEGETABLE FATS AND OILS AND THEIR CLEAVAGE PRODUCTS; PRE. EDIBLE FATS; ANIMAL OR VEGETABLE WAXEX.","875.91","CHINA P RP",2020
"62","ARTICLES OF APPAREL AND CLOTHING ACCESSORIES, NOT KNITTED OR CROCHETED.","873.09","U K",2017
"89","SHIPS, BOATS AND FLOATING STRUCTURES.","871.92","SINGAPORE",2014
"27","MINERAL FUELS, MINERAL OILS AND PRODUCTS OF THEIR DISTILLATION; BITUMINOUS SUBSTANCES; MINERAL WAXES.","871.73","SOUTH AFRICA",2010
"10","CEREALS.","871.5","BANGLADESH PR",2017
"27","MINERAL FUELS, MINERAL OILS AND PRODUCTS OF THEIR DISTILLATION; BITUMINOUS SUBSTANCES; MINERAL WAXES.","866.14","JAPAN",2017
"85","ELECTRICAL MACHINERY AND EQUIPMENT AND PARTS THEREOF; SOUND RECORDERS AND REPRODUCERS, TELEVISION IMAGE AND SOUND RECORDERS AND REPRODUCERS,AND PARTS.","862.33","CHINA P RP",2019
"27","MINERAL FUELS, MINERAL OILS AND PRODUCTS OF THEIR DISTILLATION; BITUMINOUS SUBSTANCES; MINERAL WAXES.","861.89","JORDAN",2013
"02","MEAT AND EDIBLE MEAT OFFAL.","860.76","HONG KONG",2020
"03","FISH AND CRUSTACEANS, MOLLUSCS AND OTHER AQUATIC INVERTABRATES.","860.74","CHINA P RP",2020
"85","ELECTRICAL MACHINERY AND EQUIPMENT AND PARTS THEREOF; SOUND RECORDERS AND REPRODUCERS, TELEVISION IMAGE AND SOUND RECORDERS AND REPRODUCERS,AND PARTS.","860.67","GERMANY",2020
"27","MINERAL FUELS, MINERAL OILS AND PRODUCTS OF THEIR DISTILLATION; BITUMINOUS SUBSTANCES; MINERAL WAXES.","859.67","SRI LANKA DSR",2018
"62","ARTICLES OF APPAREL AND CLOTHING ACCESSORIES, NOT KNITTED OR CROCHETED.","859.33","U K",2013
"89","SHIPS, BOATS AND FLOATING STRUCTURES.","859.28","SINGAPORE",2010
"27","MINERAL FUELS, MINERAL OILS AND PRODUCTS OF THEIR DISTILLATION; BITUMINOUS SUBSTANCES; MINERAL WAXES.","858.1","TURKEY",2015
"10","CEREALS.","857.71","IRAN",2021
"38","MISCELLANEOUS CHEMICAL PRODUCTS.","857.0","U S A",2019
"27","MINERAL FUELS, MINERAL OILS AND PRODUCTS OF THEIR DISTILLATION; BITUMINOUS SUBSTANCES; MINERAL WAXES.","856.78","BANGLADESH PR",2019
"27","MINERAL FUELS, MINERAL OILS AND PRODUCTS OF THEIR DISTILLATION; BITUMINOUS SUBSTANCES; MINERAL WAXES.","856.28","TURKEY",2019
"87","VEHICLES OTHER THAN RAILWAY OR TRAMWAY ROLLING STOCK, AND PARTS AND ACCESSORIES THEREOF.","853.67","U K",2013
"27","MINERAL FUELS, MINERAL OILS AND PRODUCTS OF THEIR DISTILLATION; BITUMINOUS SUBSTANCES; MINERAL WAXES.","852.18","NEPAL",2010
"10","CEREALS.","851.98","BANGLADESH PR",2014
"27","MINERAL FUELS, MINERAL OILS AND PRODUCTS OF THEIR DISTILLATION; BITUMINOUS SUBSTANCES; MINERAL WAXES.","851.38","TANZANIA REP",2021
"27","MINERAL FUELS, MINERAL OILS AND PRODUCTS OF THEIR DISTILLATION; BITUMINOUS SUBSTANCES; MINERAL WAXES.","851.23","TANZANIA REP",2011
"57","CARPETS AND OTHER TEXTILE FLOOR COVERINGS.","848.35","U S A",2017
"61","ARTICLES OF APPAREL AND CLOTHING ACCESSORIES, KNITTED OR CORCHETED.","845.39","U K",2017
"62","ARTICLES OF APPAREL AND CLOTHING ACCESSORIES, NOT KNITTED OR CROCHETED.","844.55","U K",2010
"89","SHIPS, BOATS AND FLOATING STRUCTURES.","844.26","BRUNEI",2011
"27","MINERAL FUELS, MINERAL OILS AND PRODUCTS OF THEIR DISTILLATION; BITUMINOUS SUBSTANCES; MINERAL WAXES.","844.02","TANZANIA REP",2010
"29","ORGANIC CHEMICALS","843.1","GERMANY",2021
"39","PLASTIC AND ARTICLES THEREOF.","843.06","CHINA P RP",2019
"29","ORGANIC CHEMICALS","842.84","CHINA P RP",2015
"71","NATURAL OR CULTURED PEARLS,PRECIOUS OR SEMIPRECIOUS STONES,PRE.METALS,CLAD WITH PRE.METAL AND ARTCLS THEREOF;IMIT.JEWLRY;COIN.","841.8","ISRAEL",2020
"84","NUCLEAR REACTORS, BOILERS, MACHINERY AND MECHANICAL APPLIANCES; PARTS THEREOF.","837.6","THAILAND",2020
"38","MISCELLANEOUS CHEMICAL PRODUCTS.","836.63","U S A",2020
"85","ELECTRICAL MACHINERY AND EQUIPMENT AND PARTS THEREOF; SOUND RECORDERS AND REPRODUCERS, TELEVISION IMAGE AND SOUND RECORDERS AND REPRODUCERS,AND PARTS.","835.98","NETHERLAND",2021
"02","MEAT AND EDIBLE MEAT OFFAL.","835.13","VIETNAM SOC REP",2011
"2","MEAT AND EDIBLE MEAT OFFAL.","835.13","VIETNAM SOC REP",2011
"87","VEHICLES OTHER THAN RAILWAY OR TRAMWAY ROLLING STOCK, AND PARTS AND ACCESSORIES THEREOF.","831.65","SRI LANKA DSR",2015
"89","SHIPS, BOATS AND FLOATING STRUCTURES.","831.48","INDONESIA",2020
"62","ARTICLES OF APPAREL AND CLOTHING ACCESSORIES, NOT KNITTED OR CROCHETED.","831.41","U ARAB EMTS",2018
"39","PLASTIC AND ARTICLES THEREOF.","831.33","U S A",2018
"84","NUCLEAR REACTORS, BOILERS, MACHINERY AND MECHANICAL APPLIANCES; PARTS THEREOF.","830.88","CHINA P RP",2018
"85","ELECTRICAL MACHINERY AND EQUIPMENT AND PARTS THEREOF; SOUND RECORDERS AND REPRODUCERS, TELEVISION IMAGE AND SOUND RECORDERS AND REPRODUCERS,AND PARTS.","828.96","CHINA P RP",2021
"62","ARTICLES OF APPAREL AND CLOTHING ACCESSORIES, NOT KNITTED OR CROCHETED.","827.34","U K",2016
"89","SHIPS, BOATS AND FLOATING STRUCTURES.","827.12","SRI LANKA DSR",2014
"62","ARTICLES OF APPAREL AND CLOTHING ACCESSORIES, NOT KNITTED OR CROCHETED.","825.51","U K",2018
"27","MINERAL FUELS, MINERAL OILS AND PRODUCTS OF THEIR DISTILLATION; BITUMINOUS SUBSTANCES; MINERAL WAXES.","825.14","CHINA P RP",2010
"57","CARPETS AND OTHER TEXTILE FLOOR COVERINGS.","824.26","U S A",2016
"87","VEHICLES OTHER THAN RAILWAY OR TRAMWAY ROLLING STOCK, AND PARTS AND ACCESSORIES THEREOF.","823.67","SOUTH AFRICA",2018
"27","MINERAL FUELS, MINERAL OILS AND PRODUCTS OF THEIR DISTILLATION; BITUMINOUS SUBSTANCES; MINERAL WAXES.","812.29","FRANCE",2021
"57","CARPETS AND OTHER TEXTILE FLOOR COVERINGS.","811.09","U S A",2015
"62","ARTICLES OF APPAREL AND CLOTHING ACCESSORIES, NOT KNITTED OR CROCHETED.","811.08","U K",2012
"29","ORGANIC CHEMICALS","809.88","GERMANY",2020
"38","MISCELLANEOUS CHEMICAL PRODUCTS.","807.72","U S A",2018
"71","NATURAL OR CULTURED PEARLS,PRECIOUS OR SEMIPRECIOUS STONES,PRE.METALS,CLAD WITH PRE.METAL AND ARTCLS THEREOF;IMIT.JEWLRY;COIN.","806.8","U K",2020
"85","ELECTRICAL MACHINERY AND EQUIPMENT AND PARTS THEREOF; SOUND RECORDERS AND REPRODUCERS, TELEVISION IMAGE AND SOUND RECORDERS AND REPRODUCERS,AND PARTS.","805.73","U ARAB EMTS",2010
"27","MINERAL FUELS, MINERAL OILS AND PRODUCTS OF THEIR DISTILLATION; BITUMINOUS SUBSTANCES; MINERAL WAXES.","804.78","ISRAEL",2015
"84","NUCLEAR REACTORS, BOILERS, MACHINERY AND MECHANICAL APPLIANCES; PARTS THEREOF.","804.31","CHINA P RP",2019
"61","ARTICLES OF APPAREL AND CLOTHING ACCESSORIES, KNITTED OR CORCHETED.","804.01","U K",2016
"84","NUCLEAR REACTORS, BOILERS, MACHINERY AND MECHANICAL APPLIANCES; PARTS THEREOF.","802.12","U ARAB EMTS",2012
"84","NUCLEAR REACTORS, BOILERS, MACHINERY AND MECHANICAL APPLIANCES; PARTS THEREOF.","800.36","SINGAPORE",2018
"61","ARTICLES OF APPAREL AND CLOTHING ACCESSORIES, KNITTED OR CORCHETED.","799.96","U K",2013
"27","MINERAL FUELS, MINERAL OILS AND PRODUCTS OF THEIR DISTILLATION; BITUMINOUS SUBSTANCES; MINERAL WAXES.","798.23","TURKEY",2013
"62","ARTICLES OF APPAREL AND CLOTHING ACCESSORIES, NOT KNITTED OR CROCHETED.","794.73","U K",2019
"62","ARTICLES OF APPAREL AND CLOTHING ACCESSORIES, NOT KNITTED OR CROCHETED.","792.64","U ARAB EMTS",2012
"73","ARTICLES OF IRON OR STEEL","791.22","U ARAB EMTS",2013
"27","MINERAL FUELS, MINERAL OILS AND PRODUCTS OF THEIR DISTILLATION; BITUMINOUS SUBSTANCES; MINERAL WAXES.","791.02","BANGLADESH PR",2017
"87","VEHICLES OTHER THAN RAILWAY OR TRAMWAY ROLLING STOCK, AND PARTS AND ACCESSORIES THEREOF.","789.93","BANGLADESH PR",2019
"61","ARTICLES OF APPAREL AND CLOTHING ACCESSORIES, KNITTED OR CORCHETED.","789.86","U ARAB EMTS",2013
"27","MINERAL FUELS, MINERAL OILS AND PRODUCTS OF THEIR DISTILLATION; BITUMINOUS SUBSTANCES; MINERAL WAXES.","789.48","CHINA P RP",2016
"27","MINERAL FUELS, MINERAL OILS AND PRODUCTS OF THEIR DISTILLATION; BITUMINOUS SUBSTANCES; MINERAL WAXES.","788.35","KOREA RP",2020
"27","MINERAL FUELS, MINERAL OILS AND PRODUCTS OF THEIR DISTILLATION; BITUMINOUS SUBSTANCES; MINERAL WAXES.","787.86","SRI LANKA DSR",2014
"89","SHIPS, BOATS AND FLOATING STRUCTURES.","786.81","U ARAB EMTS",2015
"90","OPTICAL, PHOTOGRAPHIC CINEMATOGRAPHIC MEASURING, CHECKING PRECISION, MEDICAL OR SURGICAL INST. AND APPARATUS PARTS AND ACCESSORIES THEREOF;","785.05","U S A",2021
"27","MINERAL FUELS, MINERAL OILS AND PRODUCTS OF THEIR DISTILLATION; BITUMINOUS SUBSTANCES; MINERAL WAXES.","783.31","MOZAMBIQUE",2013
"76","ALUMINIUM AND ARTICLES THEREOF.","782.6","U S A",2018
"27","MINERAL FUELS, MINERAL OILS AND PRODUCTS OF THEIR DISTILLATION; BITUMINOUS SUBSTANCES; MINERAL WAXES.","782.5","TANZANIA REP",2015
"27","MINERAL FUELS, MINERAL OILS AND PRODUCTS OF THEIR DISTILLATION; BITUMINOUS SUBSTANCES; MINERAL WAXES.","782.38","KENYA",2019
"52","COTTON.","782.34","PAKISTAN IR",2015
"61","ARTICLES OF APPAREL AND CLOTHING ACCESSORIES, KNITTED OR CORCHETED.","780","U K",2018
"27","MINERAL FUELS, MINERAL OILS AND PRODUCTS OF THEIR DISTILLATION; BITUMINOUS SUBSTANCES; MINERAL WAXES.","779.74","SOUTH AFRICA",2017
"74","COPPER AND ARTICLES THEREOF.","779.26","CHINA P RP",2020
"52","COTTON.","777.96","CHINA P RP",2019
"87","VEHICLES OTHER THAN RAILWAY OR TRAMWAY ROLLING STOCK, AND PARTS AND ACCESSORIES THEREOF.","777.86","NEPAL",2021
"72","IRON AND STEEL","777.5","BELGIUM",2017
"27","MINERAL FUELS, MINERAL OILS AND PRODUCTS OF THEIR DISTILLATION; BITUMINOUS SUBSTANCES; MINERAL WAXES.","777.29","FRANCE",2014
"42","ARTICLES OF LEATHER,SADDLERY AND HARNESS;TRAVEL GOODS, HANDBAGS AND SIMILAR CONT.ARTICLES OF ANIMAL GUT(OTHR THN SILK-WRM)GUT.","777.01","U S A",2021
"29","ORGANIC CHEMICALS","776.71","INDONESIA",2011
"84","NUCLEAR REACTORS, BOILERS, MACHINERY AND MECHANICAL APPLIANCES; PARTS THEREOF.","776.36","U ARAB EMTS",2019
"71","NATURAL OR CULTURED PEARLS,PRECIOUS OR SEMIPRECIOUS STONES,PRE.METALS,CLAD WITH PRE.METAL AND ARTCLS THEREOF;IMIT.JEWLRY;COIN.","776.1","U K",2021
"71","NATURAL OR CULTURED PEARLS,PRECIOUS OR SEMIPRECIOUS STONES,PRE.METALS,CLAD WITH PRE.METAL AND ARTCLS THEREOF;IMIT.JEWLRY;COIN.","775.83","UNSPECIFIED",2014
"76","ALUMINIUM AND ARTICLES THEREOF.","775.63","MALAYSIA",2017
"89","SHIPS, BOATS AND FLOATING STRUCTURES.","774.98","MALAYSIA",2016
"72","IRON AND STEEL","774.54","U ARAB EMTS",2019
"87","VEHICLES OTHER THAN RAILWAY OR TRAMWAY ROLLING STOCK, AND PARTS AND ACCESSORIES THEREOF.","773.87","U S A",2010
"27","MINERAL FUELS, MINERAL OILS AND PRODUCTS OF THEIR DISTILLATION; BITUMINOUS SUBSTANCES; MINERAL WAXES.","773.1","TANZANIA REP",2019
"27","MINERAL FUELS, MINERAL OILS AND PRODUCTS OF THEIR DISTILLATION; BITUMINOUS SUBSTANCES; MINERAL WAXES.","768.58","KOREA RP",2017
"94","FURNITURE; BEDDING, MATTRESSES, MATTRESS SUPPORTS, CUSHIONS AND SIMILAR STUFFED FURNISHING; LAMPS AND LIGHTING FITTINGS NOT ELSEWHERE SPECIFIED OR INC","768.25","U S A",2019
"27","MINERAL FUELS, MINERAL OILS AND PRODUCTS OF THEIR DISTILLATION; BITUMINOUS SUBSTANCES; MINERAL WAXES.","768.24","SRI LANKA DSR",2017
"27","MINERAL FUELS, MINERAL OILS AND PRODUCTS OF THEIR DISTILLATION; BITUMINOUS SUBSTANCES; MINERAL WAXES.","767.43","NEPAL",2015
"27","MINERAL FUELS, MINERAL OILS AND PRODUCTS OF THEIR DISTILLATION; BITUMINOUS SUBSTANCES; MINERAL WAXES.","767.36","KENYA",2016
"57","CARPETS AND OTHER TEXTILE FLOOR COVERINGS.","767.11","U S A",2014
"27","MINERAL FUELS, MINERAL OILS AND PRODUCTS OF THEIR DISTILLATION; BITUMINOUS SUBSTANCES; MINERAL WAXES.","767.09","IRAQ",2021
"87","VEHICLES OTHER THAN RAILWAY OR TRAMWAY ROLLING STOCK, AND PARTS AND ACCESSORIES THEREOF.","766.55","NEPAL",2016
"72","IRON AND STEEL","765.3","U ARAB EMTS",2020
"76","ALUMINIUM AND ARTICLES THEREOF.","764.63","KOREA RP",2017
"72","IRON AND STEEL","764.45","ITALY",2016
"10","CEREALS.","764.15","SAUDI ARAB",2011
"84","NUCLEAR REACTORS, BOILERS, MACHINERY AND MECHANICAL APPLIANCES; PARTS THEREOF.","760.21","SINGAPORE",2019
"27","MINERAL FUELS, MINERAL OILS AND PRODUCTS OF THEIR DISTILLATION; BITUMINOUS SUBSTANCES; MINERAL WAXES.","759.92","MALTA",2011
"10","CEREALS.","759.31","SAUDI ARAB",2012
"85","ELECTRICAL MACHINERY AND EQUIPMENT AND PARTS THEREOF; SOUND RECORDERS AND REPRODUCERS, TELEVISION IMAGE AND SOUND RECORDERS AND REPRODUCERS,AND PARTS.","758.33","NETHERLAND",2011
"71","NATURAL OR CULTURED PEARLS,PRECIOUS OR SEMIPRECIOUS STONES,PRE.METALS,CLAD WITH PRE.METAL AND ARTCLS THEREOF;IMIT.JEWLRY;COIN.","756.13","THAILAND",2013
"87","VEHICLES OTHER THAN RAILWAY OR TRAMWAY ROLLING STOCK, AND PARTS AND ACCESSORIES THEREOF.","755.5","SAUDI ARAB",2019
"84","NUCLEAR REACTORS, BOILERS, MACHINERY AND MECHANICAL APPLIANCES; PARTS THEREOF.","752.72","BANGLADESH PR",2018
"84","NUCLEAR REACTORS, BOILERS, MACHINERY AND MECHANICAL APPLIANCES; PARTS THEREOF.","750.73","CHINA P RP",2020
"72","IRON AND STEEL","748.61","CHINA P RP",2010
"27","MINERAL FUELS, MINERAL OILS AND PRODUCTS OF THEIR DISTILLATION; BITUMINOUS SUBSTANCES; MINERAL WAXES.","747.71","FRANCE",2016
"27","MINERAL FUELS, MINERAL OILS AND PRODUCTS OF THEIR DISTILLATION; BITUMINOUS SUBSTANCES; MINERAL WAXES.","746.43","MAURITIUS",2018
"27","MINERAL FUELS, MINERAL OILS AND PRODUCTS OF THEIR DISTILLATION; BITUMINOUS SUBSTANCES; MINERAL WAXES.","745.69","TURKEY",2011
"30","PHARMACEUTICAL PRODUCTS","745.16","SOUTH AFRICA",2020
"84","NUCLEAR REACTORS, BOILERS, MACHINERY AND MECHANICAL APPLIANCES; PARTS THEREOF.","744.85","U K",2014
"85","ELECTRICAL MACHINERY AND EQUIPMENT AND PARTS THEREOF; SOUND RECORDERS AND REPRODUCERS, TELEVISION IMAGE AND SOUND RECORDERS AND REPRODUCERS,AND PARTS.","744.66","U ARAB EMTS",2015
"84","NUCLEAR REACTORS, BOILERS, MACHINERY AND MECHANICAL APPLIANCES; PARTS THEREOF.","744.2","U K",2020
"88","AIRCRAFT, SPACECRAFT, AND PARTS THEREOF.","743.5","FRANCE",2016
"76","ALUMINIUM AND ARTICLES THEREOF.","742.75","KOREA RP",2016
"27","MINERAL FUELS, MINERAL OILS AND PRODUCTS OF THEIR DISTILLATION; BITUMINOUS SUBSTANCES; MINERAL WAXES.","741.48","INDONESIA",2014
"10","CEREALS.","741.32","SAUDI ARAB",2016
"27","MINERAL FUELS, MINERAL OILS AND PRODUCTS OF THEIR DISTILLATION; BITUMINOUS SUBSTANCES; MINERAL WAXES.","741.31","MALAYSIA",2012
"02","MEAT AND EDIBLE MEAT OFFAL.","739.66","EGYPT A RP",2021
"72","IRON AND STEEL","738.87","BELGIUM",2016
"87","VEHICLES OTHER THAN RAILWAY OR TRAMWAY ROLLING STOCK, AND PARTS AND ACCESSORIES THEREOF.","738.28","U K",2012
"87","VEHICLES OTHER THAN RAILWAY OR TRAMWAY ROLLING STOCK, AND PARTS AND ACCESSORIES THEREOF.","738.17","NEPAL",2018
"87","VEHICLES OTHER THAN RAILWAY OR TRAMWAY ROLLING STOCK, AND PARTS AND ACCESSORIES THEREOF.","737.99","BANGLADESH PR",2016
"61","ARTICLES OF APPAREL AND CLOTHING ACCESSORIES, KNITTED OR CORCHETED.","736.07","U K",2019
"89","SHIPS, BOATS AND FLOATING STRUCTURES.","734.61","INDONESIA",2018
"84","NUCLEAR REACTORS, BOILERS, MACHINERY AND MECHANICAL APPLIANCES; PARTS THEREOF.","733.46","BANGLADESH PR",2021
"72","IRON AND STEEL","733.44","U ARAB EMTS",2018
"27","MINERAL FUELS, MINERAL OILS AND PRODUCTS OF THEIR DISTILLATION; BITUMINOUS SUBSTANCES; MINERAL WAXES.","732.81","MOZAMBIQUE",2020
"84","NUCLEAR REACTORS, BOILERS, MACHINERY AND MECHANICAL APPLIANCES; PARTS THEREOF.","732.31","U K",2015
"25","SALT; SULPHUR; EARTHS AND STONE; PLASTERING MATERIALS, LIME AND CEMENT.","731.26","BANGLADESH PR",2020
"72","IRON AND STEEL","730.89","ITALY",2019
"84","NUCLEAR REACTORS, BOILERS, MACHINERY AND MECHANICAL APPLIANCES; PARTS THEREOF.","730.71","U ARAB EMTS",2011
"84","NUCLEAR REACTORS, BOILERS, MACHINERY AND MECHANICAL APPLIANCES; PARTS THEREOF.","730.03","BANGLADESH PR",2019
"27","MINERAL FUELS, MINERAL OILS AND PRODUCTS OF THEIR DISTILLATION; BITUMINOUS SUBSTANCES; MINERAL WAXES.","728.79","TANZANIA REP",2017
"62","ARTICLES OF APPAREL AND CLOTHING ACCESSORIES, NOT KNITTED OR CROCHETED.","725.04","U ARAB EMTS",2011
"88","AIRCRAFT, SPACECRAFT, AND PARTS THEREOF.","724.69","U ARAB EMTS",2015
"29","ORGANIC CHEMICALS","723.9","GERMANY",2018
"73","ARTICLES OF IRON OR STEEL","723.76","U ARAB EMTS",2012
"10","CEREALS.","722.64","SAUDI ARAB",2021
"10","CEREALS.","721.94","NEPAL",2021
"87","VEHICLES OTHER THAN RAILWAY OR TRAMWAY ROLLING STOCK, AND PARTS AND ACCESSORIES THEREOF.","721.93","MEXICO",2013
"3","FISH AND CRUSTACEANS, MOLLUSCS AND OTHER AQUATIC INVERTABRATES.","721.26","CHINA P RP",2018
"03","FISH AND CRUSTACEANS, MOLLUSCS AND OTHER AQUATIC INVERTABRATES.","721.26","CHINA P RP",2018
"84","NUCLEAR REACTORS, BOILERS, MACHINERY AND MECHANICAL APPLIANCES; PARTS THEREOF.","721.22","SINGAPORE",2020
"84","NUCLEAR REACTORS, BOILERS, MACHINERY AND MECHANICAL APPLIANCES; PARTS THEREOF.","720.74","U ARAB EMTS",2020
"39","PLASTIC AND ARTICLES THEREOF.","720.65","U S A",2017
"84","NUCLEAR REACTORS, BOILERS, MACHINERY AND MECHANICAL APPLIANCES; PARTS THEREOF.","720.04","U ARAB EMTS",2015
"61","ARTICLES OF APPAREL AND CLOTHING ACCESSORIES, KNITTED OR CORCHETED.","719.72","U K",2021
"73","ARTICLES OF IRON OR STEEL","719.08","SAUDI ARAB",2010
"85","ELECTRICAL MACHINERY AND EQUIPMENT AND PARTS THEREOF; SOUND RECORDERS AND REPRODUCERS, TELEVISION IMAGE AND SOUND RECORDERS AND REPRODUCERS,AND PARTS.","717.37","CHINA P RP",2020
"84","NUCLEAR REACTORS, BOILERS, MACHINERY AND MECHANICAL APPLIANCES; PARTS THEREOF.","715.78","CHINA P RP",2017
"27","MINERAL FUELS, MINERAL OILS AND PRODUCTS OF THEIR DISTILLATION; BITUMINOUS SUBSTANCES; MINERAL WAXES.","714.96","FRANCE",2015
"87","VEHICLES OTHER THAN RAILWAY OR TRAMWAY ROLLING STOCK, AND PARTS AND ACCESSORIES THEREOF.","714.82","SOUTH AFRICA",2011
"72","IRON AND STEEL","711.58","U ARAB EMTS",2017
"84","NUCLEAR REACTORS, BOILERS, MACHINERY AND MECHANICAL APPLIANCES; PARTS THEREOF.","711.47","U ARAB EMTS",2014
"27","MINERAL FUELS, MINERAL OILS AND PRODUCTS OF THEIR DISTILLATION; BITUMINOUS SUBSTANCES; MINERAL WAXES.","710.33","TOGO",2019
"84","NUCLEAR REACTORS, BOILERS, MACHINERY AND MECHANICAL APPLIANCES; PARTS THEREOF.","710.26","U ARAB EMTS",2017
"87","VEHICLES OTHER THAN RAILWAY OR TRAMWAY ROLLING STOCK, AND PARTS AND ACCESSORIES THEREOF.","709.84","SOUTH AFRICA",2015
"71","NATURAL OR CULTURED PEARLS,PRECIOUS OR SEMIPRECIOUS STONES,PRE.METALS,CLAD WITH PRE.METAL AND ARTCLS THEREOF;IMIT.JEWLRY;COIN.","707.97","U K",2017
"87","VEHICLES OTHER THAN RAILWAY OR TRAMWAY ROLLING STOCK, AND PARTS AND ACCESSORIES THEREOF.","707.39","SRI LANKA DSR",2010
"29","ORGANIC CHEMICALS","706.43","GERMANY",2019
"27","MINERAL FUELS, MINERAL OILS AND PRODUCTS OF THEIR DISTILLATION; BITUMINOUS SUBSTANCES; MINERAL WAXES.","706.24","MOZAMBIQUE",2016
"27","MINERAL FUELS, MINERAL OILS AND PRODUCTS OF THEIR DISTILLATION; BITUMINOUS SUBSTANCES; MINERAL WAXES.","706.17","AUSTRALIA",2016
"27","MINERAL FUELS, MINERAL OILS AND PRODUCTS OF THEIR DISTILLATION; BITUMINOUS SUBSTANCES; MINERAL WAXES.","703.49","TAIWAN",2013
"71","NATURAL OR CULTURED PEARLS,PRECIOUS OR SEMIPRECIOUS STONES,PRE.METALS,CLAD WITH PRE.METAL AND ARTCLS THEREOF;IMIT.JEWLRY;COIN.","703.35","SINGAPORE",2018
"74","COPPER AND ARTICLES THEREOF.","701.93","CHINA P RP",2016
"29","ORGANIC CHEMICALS","701.81","CHINA P RP",2010
"84","NUCLEAR REACTORS, BOILERS, MACHINERY AND MECHANICAL APPLIANCES; PARTS THEREOF.","701.81","THAILAND",2019
"73","ARTICLES OF IRON OR STEEL","701.71","U ARAB EMTS",2014
"29","ORGANIC CHEMICALS","701.33","U ARAB EMTS",2021
"27","MINERAL FUELS, MINERAL OILS AND PRODUCTS OF THEIR DISTILLATION; BITUMINOUS SUBSTANCES; MINERAL WAXES.","700.73","SAUDI ARAB",2010
"71","NATURAL OR CULTURED PEARLS,PRECIOUS OR SEMIPRECIOUS STONES,PRE.METALS,CLAD WITH PRE.METAL AND ARTCLS THEREOF;IMIT.JEWLRY;COIN.","700.32","TURKEY",2019
"72","IRON AND STEEL","700.26","U S A",2014
"84","NUCLEAR REACTORS, BOILERS, MACHINERY AND MECHANICAL APPLIANCES; PARTS THEREOF.","697.28","GERMANY",2015
"68","ARTICLES OF STONE, PLASTER, CEMENT, ASBESTOS, MICA OR SIMILAR MATERIALS.","696.07","U S A",2020
"29","ORGANIC CHEMICALS","696.05","JAPAN",2021
"62","ARTICLES OF APPAREL AND CLOTHING ACCESSORIES, NOT KNITTED OR CROCHETED.","695.26","U ARAB EMTS",2020
"27","MINERAL FUELS, MINERAL OILS AND PRODUCTS OF THEIR DISTILLATION; BITUMINOUS SUBSTANCES; MINERAL WAXES.","693.16","U K",2010
"10","CEREALS.","693.09","SAUDI ARAB",2010
"87","VEHICLES OTHER THAN RAILWAY OR TRAMWAY ROLLING STOCK, AND PARTS AND ACCESSORIES THEREOF.","692.99","BANGLADESH PR",2020
"84","NUCLEAR REACTORS, BOILERS, MACHINERY AND MECHANICAL APPLIANCES; PARTS THEREOF.","692.96","FRANCE",2021
"71","NATURAL OR CULTURED PEARLS,PRECIOUS OR SEMIPRECIOUS STONES,PRE.METALS,CLAD WITH PRE.METAL AND ARTCLS THEREOF;IMIT.JEWLRY;COIN.","690.68","SINGAPORE",2021
"84","NUCLEAR REACTORS, BOILERS, MACHINERY AND MECHANICAL APPLIANCES; PARTS THEREOF.","688.35","U K",2016
"27","MINERAL FUELS, MINERAL OILS AND PRODUCTS OF THEIR DISTILLATION; BITUMINOUS SUBSTANCES; MINERAL WAXES.","687.69","MOZAMBIQUE",2018
"38","MISCELLANEOUS CHEMICAL PRODUCTS.","687.21","BRAZIL",2019
"89","SHIPS, BOATS AND FLOATING STRUCTURES.","686.81","U ARAB EMTS",2012
"87","VEHICLES OTHER THAN RAILWAY OR TRAMWAY ROLLING STOCK, AND PARTS AND ACCESSORIES THEREOF.","686.65","NEPAL",2017
"27","MINERAL FUELS, MINERAL OILS AND PRODUCTS OF THEIR DISTILLATION; BITUMINOUS SUBSTANCES; MINERAL WAXES.","685.6","IRAQ",2018
"03","FISH AND CRUSTACEANS, MOLLUSCS AND OTHER AQUATIC INVERTABRATES.","685.52","U S A",2012
"38","MISCELLANEOUS CHEMICAL PRODUCTS.","685.52","U S A",2017
"3","FISH AND CRUSTACEANS, MOLLUSCS AND OTHER AQUATIC INVERTABRATES.","685.52","U S A",2012
"61","ARTICLES OF APPAREL AND CLOTHING ACCESSORIES, KNITTED OR CORCHETED.","684.56","U K",2012
"85","ELECTRICAL MACHINERY AND EQUIPMENT AND PARTS THEREOF; SOUND RECORDERS AND REPRODUCERS, TELEVISION IMAGE AND SOUND RECORDERS AND REPRODUCERS,AND PARTS.","683.96","FRANCE",2021
"85","ELECTRICAL MACHINERY AND EQUIPMENT AND PARTS THEREOF; SOUND RECORDERS AND REPRODUCERS, TELEVISION IMAGE AND SOUND RECORDERS AND REPRODUCERS,AND PARTS.","683.07","U ARAB EMTS",2017
"27","MINERAL FUELS, MINERAL OILS AND PRODUCTS OF THEIR DISTILLATION; BITUMINOUS SUBSTANCES; MINERAL WAXES.","681.38","YEMEN REPUBLC",2012
"23","RESIDUES AND WASTE FROM THE FOOD INDUSTRIES; PREPARED ANIMAL FODER.","681.37","IRAN",2013
"25","SALT; SULPHUR; EARTHS AND STONE; PLASTERING MATERIALS, LIME AND CEMENT.","680.83","CHINA P RP",2018
"76","ALUMINIUM AND ARTICLES THEREOF.","680.27","U S A",2017
"84","NUCLEAR REACTORS, BOILERS, MACHINERY AND MECHANICAL APPLIANCES; PARTS THEREOF.","679.47","THAILAND",2018
"84","NUCLEAR REACTORS, BOILERS, MACHINERY AND MECHANICAL APPLIANCES; PARTS THEREOF.","677.87","GERMANY",2016
"25","SALT; SULPHUR; EARTHS AND STONE; PLASTERING MATERIALS, LIME AND CEMENT.","677.71","CHINA P RP",2013
"89","SHIPS, BOATS AND FLOATING STRUCTURES.","675.17","SINGAPORE",2017
"09","COFFEE, TEA, MATE AND SPICES.","674.49","CHINA P RP",2020
"89","SHIPS, BOATS AND FLOATING STRUCTURES.","674.36","SINGAPORE",2021
"89","SHIPS, BOATS AND FLOATING STRUCTURES.","674.06","SRI LANKA DSR",2018
"62","ARTICLES OF APPAREL AND CLOTHING ACCESSORIES, NOT KNITTED OR CROCHETED.","673.53","U K",2021
"25","SALT; SULPHUR; EARTHS AND STONE; PLASTERING MATERIALS, LIME AND CEMENT.","672.71","CHINA P RP",2017
"27","MINERAL FUELS, MINERAL OILS AND PRODUCTS OF THEIR DISTILLATION; BITUMINOUS SUBSTANCES; MINERAL WAXES.","671.01","TAIWAN",2021
"27","MINERAL FUELS, MINERAL OILS AND PRODUCTS OF THEIR DISTILLATION; BITUMINOUS SUBSTANCES; MINERAL WAXES.","670.63","MAURITIUS",2017
"27","MINERAL FUELS, MINERAL OILS AND PRODUCTS OF THEIR DISTILLATION; BITUMINOUS SUBSTANCES; MINERAL WAXES.","670.16","TANZANIA REP",2018
"94","FURNITURE; BEDDING, MATTRESSES, MATTRESS SUPPORTS, CUSHIONS AND SIMILAR STUFFED FURNISHING; LAMPS AND LIGHTING FITTINGS NOT ELSEWHERE SPECIFIED OR INC","669.72","U S A",2018
"87","VEHICLES OTHER THAN RAILWAY OR TRAMWAY ROLLING STOCK, AND PARTS AND ACCESSORIES THEREOF.","667.61","SRI LANKA DSR",2014
"27","MINERAL FUELS, MINERAL OILS AND PRODUCTS OF THEIR DISTILLATION; BITUMINOUS SUBSTANCES; MINERAL WAXES.","667.59","SRI LANKA DSR",2012
"87","VEHICLES OTHER THAN RAILWAY OR TRAMWAY ROLLING STOCK, AND PARTS AND ACCESSORIES THEREOF.","665.32","NIGERIA",2021
"89","SHIPS, BOATS AND FLOATING STRUCTURES.","665.17","MALAYSIA",2010
"27","MINERAL FUELS, MINERAL OILS AND PRODUCTS OF THEIR DISTILLATION; BITUMINOUS SUBSTANCES; MINERAL WAXES.","664.64","MAURITIUS",2013
"71","NATURAL OR CULTURED PEARLS,PRECIOUS OR SEMIPRECIOUS STONES,PRE.METALS,CLAD WITH PRE.METAL AND ARTCLS THEREOF;IMIT.JEWLRY;COIN.","664.5","THAILAND",2014
"87","VEHICLES OTHER THAN RAILWAY OR TRAMWAY ROLLING STOCK, AND PARTS AND ACCESSORIES THEREOF.","664.48","SOUTH AFRICA",2016
"61","ARTICLES OF APPAREL AND CLOTHING ACCESSORIES, KNITTED OR CORCHETED.","662.77","GERMANY",2018
"85","ELECTRICAL MACHINERY AND EQUIPMENT AND PARTS THEREOF; SOUND RECORDERS AND REPRODUCERS, TELEVISION IMAGE AND SOUND RECORDERS AND REPRODUCERS,AND PARTS.","662.67","U ARAB EMTS",2016
"27","MINERAL FUELS, MINERAL OILS AND PRODUCTS OF THEIR DISTILLATION; BITUMINOUS SUBSTANCES; MINERAL WAXES.","661.58","ITALY",2013
"57","CARPETS AND OTHER TEXTILE FLOOR COVERINGS.","660.57","U S A",2013
"27","MINERAL FUELS, MINERAL OILS AND PRODUCTS OF THEIR DISTILLATION; BITUMINOUS SUBSTANCES; MINERAL WAXES.","657.55","IRAQ",2019
"89","SHIPS, BOATS AND FLOATING STRUCTURES.","657.31","SOUTH AFRICA",2014
"10","CEREALS.","657.25","U ARAB EMTS",2010
"87","VEHICLES OTHER THAN RAILWAY OR TRAMWAY ROLLING STOCK, AND PARTS AND ACCESSORIES THEREOF.","656.99","SOUTH AFRICA",2020
"27","MINERAL FUELS, MINERAL OILS AND PRODUCTS OF THEIR DISTILLATION; BITUMINOUS SUBSTANCES; MINERAL WAXES.","656.13","TAIWAN",2016
"62","ARTICLES OF APPAREL AND CLOTHING ACCESSORIES, NOT KNITTED OR CROCHETED.","655.65","U ARAB EMTS",2019
"61","ARTICLES OF APPAREL AND CLOTHING ACCESSORIES, KNITTED OR CORCHETED.","654.62","GERMANY",2017
"72","IRON AND STEEL","654.48","IRAN",2014
"71","NATURAL OR CULTURED PEARLS,PRECIOUS OR SEMIPRECIOUS STONES,PRE.METALS,CLAD WITH PRE.METAL AND ARTCLS THEREOF;IMIT.JEWLRY;COIN.","654.11","THAILAND",2017
"84","NUCLEAR REACTORS, BOILERS, MACHINERY AND MECHANICAL APPLIANCES; PARTS THEREOF.","653.01","U ARAB EMTS",2018
"84","NUCLEAR REACTORS, BOILERS, MACHINERY AND MECHANICAL APPLIANCES; PARTS THEREOF.","650.24","NEPAL",2021
"72","IRON AND STEEL","648.71","INDONESIA",2021
"71","NATURAL OR CULTURED PEARLS,PRECIOUS OR SEMIPRECIOUS STONES,PRE.METALS,CLAD WITH PRE.METAL AND ARTCLS THEREOF;IMIT.JEWLRY;COIN.","648.47","THAILAND",2020
"29","ORGANIC CHEMICALS","647.98","BRAZIL",2021
"89","SHIPS, BOATS AND FLOATING STRUCTURES.","647.28","INDONESIA",2011
"71","NATURAL OR CULTURED PEARLS,PRECIOUS OR SEMIPRECIOUS STONES,PRE.METALS,CLAD WITH PRE.METAL AND ARTCLS THEREOF;IMIT.JEWLRY;COIN.","646.84","THAILAND",2019
"61","ARTICLES OF APPAREL AND CLOTHING ACCESSORIES, KNITTED OR CORCHETED.","645.69","GERMANY",2014
"10","CEREALS.","644.71","IRAQ",2020
"16","PREPARATIONS OF MEAT, OF FISH OR OF CRUSTACEANS, MOLLUSCS OR OTHER AQUATIC INVERTEBRATES","644.57","U S A",2021
"61","ARTICLES OF APPAREL AND CLOTHING ACCESSORIES, KNITTED OR CORCHETED.","642.64","U ARAB EMTS",2012
"27","MINERAL FUELS, MINERAL OILS AND PRODUCTS OF THEIR DISTILLATION; BITUMINOUS SUBSTANCES; MINERAL WAXES.","642.18","SWITZERLAND",2013
"27","MINERAL FUELS, MINERAL OILS AND PRODUCTS OF THEIR DISTILLATION; BITUMINOUS SUBSTANCES; MINERAL WAXES.","641.71","CHINA P RP",2015
"72","IRON AND STEEL","641.6","U ARAB EMTS",2014
"84","NUCLEAR REACTORS, BOILERS, MACHINERY AND MECHANICAL APPLIANCES; PARTS THEREOF.","640.31","NEPAL",2018
"71","NATURAL OR CULTURED PEARLS,PRECIOUS OR SEMIPRECIOUS STONES,PRE.METALS,CLAD WITH PRE.METAL AND ARTCLS THEREOF;IMIT.JEWLRY;COIN.","638.2","SINGAPORE",2012
"27","MINERAL FUELS, MINERAL OILS AND PRODUCTS OF THEIR DISTILLATION; BITUMINOUS SUBSTANCES; MINERAL WAXES.","637.68","GIBRALTAR",2014
"27","MINERAL FUELS, MINERAL OILS AND PRODUCTS OF THEIR DISTILLATION; BITUMINOUS SUBSTANCES; MINERAL WAXES.","637.41","MALTA",2010
"84","NUCLEAR REACTORS, BOILERS, MACHINERY AND MECHANICAL APPLIANCES; PARTS THEREOF.","637.27","U ARAB EMTS",2013
"76","ALUMINIUM AND ARTICLES THEREOF.","636.56","U S A",2019
"84","NUCLEAR REACTORS, BOILERS, MACHINERY AND MECHANICAL APPLIANCES; PARTS THEREOF.","635.31","U ARAB EMTS",2016
"87","VEHICLES OTHER THAN RAILWAY OR TRAMWAY ROLLING STOCK, AND PARTS AND ACCESSORIES THEREOF.","635.13","SRI LANKA DSR",2016
"84","NUCLEAR REACTORS, BOILERS, MACHINERY AND MECHANICAL APPLIANCES; PARTS THEREOF.","635.02","NIGERIA",2019
"88","AIRCRAFT, SPACECRAFT, AND PARTS THEREOF.","634.99","U S A",2017
"39","PLASTIC AND ARTICLES THEREOF.","634.91","U S A",2016
"38","MISCELLANEOUS CHEMICAL PRODUCTS.","633.97","BRAZIL",2018
"27","MINERAL FUELS, MINERAL OILS AND PRODUCTS OF THEIR DISTILLATION; BITUMINOUS SUBSTANCES; MINERAL WAXES.","633.39","MALAYSIA",2013
"62","ARTICLES OF APPAREL AND CLOTHING ACCESSORIES, NOT KNITTED OR CROCHETED.","632.26","GERMANY",2011
"71","NATURAL OR CULTURED PEARLS,PRECIOUS OR SEMIPRECIOUS STONES,PRE.METALS,CLAD WITH PRE.METAL AND ARTCLS THEREOF;IMIT.JEWLRY;COIN.","631.72","THAILAND",2012
"27","MINERAL FUELS, MINERAL OILS AND PRODUCTS OF THEIR DISTILLATION; BITUMINOUS SUBSTANCES; MINERAL WAXES.","631.21","AUSTRALIA",2018
"27","MINERAL FUELS, MINERAL OILS AND PRODUCTS OF THEIR DISTILLATION; BITUMINOUS SUBSTANCES; MINERAL WAXES.","629.82","U K",2011
"29","ORGANIC CHEMICALS","629.71","INDONESIA",2018
"84","NUCLEAR REACTORS, BOILERS, MACHINERY AND MECHANICAL APPLIANCES; PARTS THEREOF.","629.4","GERMANY",2011
"39","PLASTIC AND ARTICLES THEREOF.","629.05","CHINA P RP",2012
"25","SALT; SULPHUR; EARTHS AND STONE; PLASTERING MATERIALS, LIME AND CEMENT.","628.72","CHINA P RP",2020
"10","CEREALS.","628.18","NEPAL",2020
"71","NATURAL OR CULTURED PEARLS,PRECIOUS OR SEMIPRECIOUS STONES,PRE.METALS,CLAD WITH PRE.METAL AND ARTCLS THEREOF;IMIT.JEWLRY;COIN.","627.81","THAILAND",2015
"29","ORGANIC CHEMICALS","627.23","BRAZIL",2020
"72","IRON AND STEEL","627.2","NEPAL",2016
"71","NATURAL OR CULTURED PEARLS,PRECIOUS OR SEMIPRECIOUS STONES,PRE.METALS,CLAD WITH PRE.METAL AND ARTCLS THEREOF;IMIT.JEWLRY;COIN.","627.05","SINGAPORE",2011
"61","ARTICLES OF APPAREL AND CLOTHING ACCESSORIES, KNITTED OR CORCHETED.","626.33","U ARAB EMTS",2011
"61","ARTICLES OF APPAREL AND CLOTHING ACCESSORIES, KNITTED OR CORCHETED.","625.73","GERMANY",2016
"27","MINERAL FUELS, MINERAL OILS AND PRODUCTS OF THEIR DISTILLATION; BITUMINOUS SUBSTANCES; MINERAL WAXES.","625.1","SRI LANKA DSR",2010
"85","ELECTRICAL MACHINERY AND EQUIPMENT AND PARTS THEREOF; SOUND RECORDERS AND REPRODUCERS, TELEVISION IMAGE AND SOUND RECORDERS AND REPRODUCERS,AND PARTS.","624.6","GERMANY",2018
"10","CEREALS.","624.58","U ARAB EMTS",2015
"61","ARTICLES OF APPAREL AND CLOTHING ACCESSORIES, KNITTED OR CORCHETED.","624.33","GERMANY",2013
"27","MINERAL FUELS, MINERAL OILS AND PRODUCTS OF THEIR DISTILLATION; BITUMINOUS SUBSTANCES; MINERAL WAXES.","622.92","UNSPECIFIED",2020
"25","SALT; SULPHUR; EARTHS AND STONE; PLASTERING MATERIALS, LIME AND CEMENT.","621.42","CHINA P RP",2014
"27","MINERAL FUELS, MINERAL OILS AND PRODUCTS OF THEIR DISTILLATION; BITUMINOUS SUBSTANCES; MINERAL WAXES.","619.75","ISRAEL",2020
"84","NUCLEAR REACTORS, BOILERS, MACHINERY AND MECHANICAL APPLIANCES; PARTS THEREOF.","619.56","NEPAL",2017
"90","OPTICAL, PHOTOGRAPHIC CINEMATOGRAPHIC MEASURING, CHECKING PRECISION, MEDICAL OR SURGICAL INST. AND APPARATUS PARTS AND ACCESSORIES THEREOF;","618.56","U S A",2019
"30","PHARMACEUTICAL PRODUCTS","618.35","U K",2020
"85","ELECTRICAL MACHINERY AND EQUIPMENT AND PARTS THEREOF; SOUND RECORDERS AND REPRODUCERS, TELEVISION IMAGE AND SOUND RECORDERS AND REPRODUCERS,AND PARTS.","617.42","GERMANY",2019
"39","PLASTIC AND ARTICLES THEREOF.","616.95","CHINA P RP",2011
"87","VEHICLES OTHER THAN RAILWAY OR TRAMWAY ROLLING STOCK, AND PARTS AND ACCESSORIES THEREOF.","616.79","U K",2016
"27","MINERAL FUELS, MINERAL OILS AND PRODUCTS OF THEIR DISTILLATION; BITUMINOUS SUBSTANCES; MINERAL WAXES.","616.61","EGYPT A RP",2014
"10","CEREALS.","616.39","U ARAB EMTS",2016
"85","ELECTRICAL MACHINERY AND EQUIPMENT AND PARTS THEREOF; SOUND RECORDERS AND REPRODUCERS, TELEVISION IMAGE AND SOUND RECORDERS AND REPRODUCERS,AND PARTS.","615.73","U ARAB EMTS",2014
"29","ORGANIC CHEMICALS","614.85","SWITZERLAND",2021
"87","VEHICLES OTHER THAN RAILWAY OR TRAMWAY ROLLING STOCK, AND PARTS AND ACCESSORIES THEREOF.","614.67","NEPAL",2019
"30","PHARMACEUTICAL PRODUCTS","614.59","U K",2021
"25","SALT; SULPHUR; EARTHS AND STONE; PLASTERING MATERIALS, LIME AND CEMENT.","614.13","CHINA P RP",2019
"68","ARTICLES OF STONE, PLASTER, CEMENT, ASBESTOS, MICA OR SIMILAR MATERIALS.","614.07","U S A",2019
"27","MINERAL FUELS, MINERAL OILS AND PRODUCTS OF THEIR DISTILLATION; BITUMINOUS SUBSTANCES; MINERAL WAXES.","613.98","KENYA",2017
"29","ORGANIC CHEMICALS","613.85","JAPAN",2020
"71","NATURAL OR CULTURED PEARLS,PRECIOUS OR SEMIPRECIOUS STONES,PRE.METALS,CLAD WITH PRE.METAL AND ARTCLS THEREOF;IMIT.JEWLRY;COIN.","613.76","THAILAND",2018
"27","MINERAL FUELS, MINERAL OILS AND PRODUCTS OF THEIR DISTILLATION; BITUMINOUS SUBSTANCES; MINERAL WAXES.","613.34","SOUTH AFRICA",2015
"29","ORGANIC CHEMICALS","612.73","SPAIN",2021
"29","ORGANIC CHEMICALS","609.39","SWITZERLAND",2020
"73","ARTICLES OF IRON OR STEEL","608.32","SAUDI ARAB",2014
"25","SALT; SULPHUR; EARTHS AND STONE; PLASTERING MATERIALS, LIME AND CEMENT.","608.15","CHINA P RP",2012
"72","IRON AND STEEL","608.11","KOREA RP",2021
"71","NATURAL OR CULTURED PEARLS,PRECIOUS OR SEMIPRECIOUS STONES,PRE.METALS,CLAD WITH PRE.METAL AND ARTCLS THEREOF;IMIT.JEWLRY;COIN.","607.3","THAILAND",2016
"88","AIRCRAFT, SPACECRAFT, AND PARTS THEREOF.","606.94","U S A",2016
"27","MINERAL FUELS, MINERAL OILS AND PRODUCTS OF THEIR DISTILLATION; BITUMINOUS SUBSTANCES; MINERAL WAXES.","606.11","SRI LANKA DSR",2013
"71","NATURAL OR CULTURED PEARLS,PRECIOUS OR SEMIPRECIOUS STONES,PRE.METALS,CLAD WITH PRE.METAL AND ARTCLS THEREOF;IMIT.JEWLRY;COIN.","605.74","THAILAND",2011
"87","VEHICLES OTHER THAN RAILWAY OR TRAMWAY ROLLING STOCK, AND PARTS AND ACCESSORIES THEREOF.","603.18","TURKEY",2014
"29","ORGANIC CHEMICALS","602.33","SAUDI ARAB",2017
"84","NUCLEAR REACTORS, BOILERS, MACHINERY AND MECHANICAL APPLIANCES; PARTS THEREOF.","602.07","ITALY",2021
"85","ELECTRICAL MACHINERY AND EQUIPMENT AND PARTS THEREOF; SOUND RECORDERS AND REPRODUCERS, TELEVISION IMAGE AND SOUND RECORDERS AND REPRODUCERS,AND PARTS.","601.17","GERMANY",2010
"10","CEREALS.","600.84","IRAN",2011
"72","IRON AND STEEL","600.81","BELGIUM",2018
"84","NUCLEAR REACTORS, BOILERS, MACHINERY AND MECHANICAL APPLIANCES; PARTS THEREOF.","600.35","GERMANY",2014
"27","MINERAL FUELS, MINERAL OILS AND PRODUCTS OF THEIR DISTILLATION; BITUMINOUS SUBSTANCES; MINERAL WAXES.","599.5","MOZAMBIQUE",2012
"84","NUCLEAR REACTORS, BOILERS, MACHINERY AND MECHANICAL APPLIANCES; PARTS THEREOF.","599.41","GERMANY",2013
"10","CEREALS.","599.26","IRAN",2020
"29","ORGANIC CHEMICALS","597.64","GERMANY",2014
"10","CEREALS.","597.1","INDONESIA",2012
"27","MINERAL FUELS, MINERAL OILS AND PRODUCTS OF THEIR DISTILLATION; BITUMINOUS SUBSTANCES; MINERAL WAXES.","596.45","MOZAMBIQUE",2017
"61","ARTICLES OF APPAREL AND CLOTHING ACCESSORIES, KNITTED OR CORCHETED.","595.81","GERMANY",2015
"10","CEREALS.","595.23","U ARAB EMTS",2017
"72","IRON AND STEEL","594.81","BELGIUM",2010
"62","ARTICLES OF APPAREL AND CLOTHING ACCESSORIES, NOT KNITTED OR CROCHETED.","593.85","GERMANY",2010
"3","FISH AND CRUSTACEANS, MOLLUSCS AND OTHER AQUATIC INVERTABRATES.","593.14","U S A",2011
"03","FISH AND CRUSTACEANS, MOLLUSCS AND OTHER AQUATIC INVERTABRATES.","593.14","U S A",2011
"10","CEREALS.","593.1","IRAN",2015
"87","VEHICLES OTHER THAN RAILWAY OR TRAMWAY ROLLING STOCK, AND PARTS AND ACCESSORIES THEREOF.","591.76","SAUDI ARAB",2021
"42","ARTICLES OF LEATHER,SADDLERY AND HARNESS;TRAVEL GOODS, HANDBAGS AND SIMILAR CONT.ARTICLES OF ANIMAL GUT(OTHR THN SILK-WRM)GUT.","591.47","U S A",2019
"27","MINERAL FUELS, MINERAL OILS AND PRODUCTS OF THEIR DISTILLATION; BITUMINOUS SUBSTANCES; MINERAL WAXES.","590.52","SOUTH AFRICA",2019
"61","ARTICLES OF APPAREL AND CLOTHING ACCESSORIES, KNITTED OR CORCHETED.","590.47","U K",2020
"27","MINERAL FUELS, MINERAL OILS AND PRODUCTS OF THEIR DISTILLATION; BITUMINOUS SUBSTANCES; MINERAL WAXES.","590.24","MAURITIUS",2010
"29","ORGANIC CHEMICALS","589.8","GERMANY",2013
"27","MINERAL FUELS, MINERAL OILS AND PRODUCTS OF THEIR DISTILLATION; BITUMINOUS SUBSTANCES; MINERAL WAXES.","589.01","BELGIUM",2020
"61","ARTICLES OF APPAREL AND CLOTHING ACCESSORIES, KNITTED OR CORCHETED.","588.54","U K",2011
"57","CARPETS AND OTHER TEXTILE FLOOR COVERINGS.","588.28","U S A",2012
"72","IRON AND STEEL","585.97","TAIWAN",2021
"27","MINERAL FUELS, MINERAL OILS AND PRODUCTS OF THEIR DISTILLATION; BITUMINOUS SUBSTANCES; MINERAL WAXES.","585.74","JORDAN",2014
"85","ELECTRICAL MACHINERY AND EQUIPMENT AND PARTS THEREOF; SOUND RECORDERS AND REPRODUCERS, TELEVISION IMAGE AND SOUND RECORDERS AND REPRODUCERS,AND PARTS.","585.24","RUSSIA",2019
"87","VEHICLES OTHER THAN RAILWAY OR TRAMWAY ROLLING STOCK, AND PARTS AND ACCESSORIES THEREOF.","585.0","NIGERIA",2019
"29","ORGANIC CHEMICALS","584.61","GERMANY",2017
"27","MINERAL FUELS, MINERAL OILS AND PRODUCTS OF THEIR DISTILLATION; BITUMINOUS SUBSTANCES; MINERAL WAXES.","583.76","HONG KONG",2018
"27","MINERAL FUELS, MINERAL OILS AND PRODUCTS OF THEIR DISTILLATION; BITUMINOUS SUBSTANCES; MINERAL WAXES.","583.05","SAUDI ARAB",2019
"29","ORGANIC CHEMICALS","582.84","MALAYSIA",2013
"29","ORGANIC CHEMICALS","582.74","NETHERLAND",2020
"39","PLASTIC AND ARTICLES THEREOF.","581.96","U S A",2015
"72","IRON AND STEEL","581.88","U S A",2013
"72","IRON AND STEEL","581.28","CHINA P RP",2011
"87","VEHICLES OTHER THAN RAILWAY OR TRAMWAY ROLLING STOCK, AND PARTS AND ACCESSORIES THEREOF.","581.1","TURKEY",2015
"10","CEREALS.","580.97","U ARAB EMTS",2014
"72","IRON AND STEEL","579.78","VIETNAM SOC REP",2017
"61","ARTICLES OF APPAREL AND CLOTHING ACCESSORIES, KNITTED OR CORCHETED.","579.61","GERMANY",2021
"85","ELECTRICAL MACHINERY AND EQUIPMENT AND PARTS THEREOF; SOUND RECORDERS AND REPRODUCERS, TELEVISION IMAGE AND SOUND RECORDERS AND REPRODUCERS,AND PARTS.","579.52","CHINA P RP",2018
"90","OPTICAL, PHOTOGRAPHIC CINEMATOGRAPHIC MEASURING, CHECKING PRECISION, MEDICAL OR SURGICAL INST. AND APPARATUS PARTS AND ACCESSORIES THEREOF;","578.04","U S A",2020
"94","FURNITURE; BEDDING, MATTRESSES, MATTRESS SUPPORTS, CUSHIONS AND SIMILAR STUFFED FURNISHING; LAMPS AND LIGHTING FITTINGS NOT ELSEWHERE SPECIFIED OR INC","576.19","U S A",2017
"29","ORGANIC CHEMICALS","576.05","BRAZIL",2018
"27","MINERAL FUELS, MINERAL OILS AND PRODUCTS OF THEIR DISTILLATION; BITUMINOUS SUBSTANCES; MINERAL WAXES.","575.16","FRANCE",2019
"62","ARTICLES OF APPAREL AND CLOTHING ACCESSORIES, NOT KNITTED OR CROCHETED.","574.96","GERMANY",2014
"27","MINERAL FUELS, MINERAL OILS AND PRODUCTS OF THEIR DISTILLATION; BITUMINOUS SUBSTANCES; MINERAL WAXES.","574.9","TAIWAN",2017
"27","MINERAL FUELS, MINERAL OILS AND PRODUCTS OF THEIR DISTILLATION; BITUMINOUS SUBSTANCES; MINERAL WAXES.","574.47","SOUTH AFRICA",2018
"84","NUCLEAR REACTORS, BOILERS, MACHINERY AND MECHANICAL APPLIANCES; PARTS THEREOF.","574.27","U K",2011
"27","MINERAL FUELS, MINERAL OILS AND PRODUCTS OF THEIR DISTILLATION; BITUMINOUS SUBSTANCES; MINERAL WAXES.","574.24","GIBRALTAR",2018
"27","MINERAL FUELS, MINERAL OILS AND PRODUCTS OF THEIR DISTILLATION; BITUMINOUS SUBSTANCES; MINERAL WAXES.","573.73","AUSTRALIA",2014
"87","VEHICLES OTHER THAN RAILWAY OR TRAMWAY ROLLING STOCK, AND PARTS AND ACCESSORIES THEREOF.","573.38","BANGLADESH PR",2015
"71","NATURAL OR CULTURED PEARLS,PRECIOUS OR SEMIPRECIOUS STONES,PRE.METALS,CLAD WITH PRE.METAL AND ARTCLS THEREOF;IMIT.JEWLRY;COIN.","573.11","SINGAPORE",2019
"17","SUGARS AND SUGAR CONFECTIONERY.","572.35","BANGLADESH PR",2021
"10","CEREALS.","571.82","U ARAB EMTS",2012
"87","VEHICLES OTHER THAN RAILWAY OR TRAMWAY ROLLING STOCK, AND PARTS AND ACCESSORIES THEREOF.","571.34","BANGLADESH PR",2014
"84","NUCLEAR REACTORS, BOILERS, MACHINERY AND MECHANICAL APPLIANCES; PARTS THEREOF.","570.86","TURKEY",2021
"27","MINERAL FUELS, MINERAL OILS AND PRODUCTS OF THEIR DISTILLATION; BITUMINOUS SUBSTANCES; MINERAL WAXES.","570.76","SRI LANKA DSR",2015
"27","MINERAL FUELS, MINERAL OILS AND PRODUCTS OF THEIR DISTILLATION; BITUMINOUS SUBSTANCES; MINERAL WAXES.","570.58","KENYA",2018
"10","CEREALS.","570.47","IRAN",2016
"42","ARTICLES OF LEATHER,SADDLERY AND HARNESS;TRAVEL GOODS, HANDBAGS AND SIMILAR CONT.ARTICLES OF ANIMAL GUT(OTHR THN SILK-WRM)GUT.","570.26","U S A",2018
"40","RUBBER AND ARTICLES THEREOF.","569.93","U S A",2020
"10","CEREALS.","569.1","BANGLADESH PR",2012
"64","FOOTWEAR, GAITERS AND THE LIKE; PARTS OF SUCH ARTICLES.","568.74","U S A",2021
"84","NUCLEAR REACTORS, BOILERS, MACHINERY AND MECHANICAL APPLIANCES; PARTS THEREOF.","568.51","GERMANY",2012
"72","IRON AND STEEL","567.75","U S A",2011
